JABATAN PERDANA MENTERI,PERKHIDMATAN AWAM PERSEKUTUAN,JABATAN PERDANA MENTERI
JABATAN PERDANA MENTERI,PERKHIDMATAN AWAM PERSEKUTUAN,AGENSI PENGUATKUASAAN MARITIM MALAYSIA
JABATAN PERDANA MENTERI,PERKHIDMATAN AWAM PERSEKUTUAN,BAHAGIAN HAL EHWAL UNDANG-UNDANG (BHEUU)
JABATAN PERDANA MENTERI,PERKHIDMATAN AWAM PERSEKUTUAN,BAHAGIAN PENYELIDIKAN
JABATAN PERDANA MENTERI,PERKHIDMATAN AWAM PERSEKUTUAN,ISTANA NEGARA
JABATAN PERDANA MENTERI,PERKHIDMATAN AWAM PERSEKUTUAN,JABATAN AUDIT NEGARA
JABATAN PERDANA MENTERI,PERKHIDMATAN AWAM PERSEKUTUAN,JABATAN KEHAKIMAN SYARIAH MALAYSIA
JABATAN PERDANA MENTERI,PERKHIDMATAN AWAM PERSEKUTUAN,JABATAN PEGUAM NEGARA
JABATAN PERDANA MENTERI,PERKHIDMATAN AWAM PERSEKUTUAN,JABATAN PERANGKAAN
JABATAN PERDANA MENTERI,PERKHIDMATAN AWAM PERSEKUTUAN,JABATAN PERKHIDMATAN AWAM MALAYSIA
JABATAN PERDANA MENTERI,PERKHIDMATAN AWAM PERSEKUTUAN,JABATAN PERPADUAN NEGARA DAN INTEGRASI NASIONAL
JABATAN PERDANA MENTERI,PERKHIDMATAN AWAM PERSEKUTUAN,MAJLIS KESELAMATAN NEGARA
JABATAN PERDANA MENTERI,PERKHIDMATAN AWAM PERSEKUTUAN,PARLIMEN MALAYSIA
JABATAN PERDANA MENTERI,PERKHIDMATAN AWAM PERSEKUTUAN,PEJABAT KETUA PENDAFTAR MAHKAMAH PERSEKUTUAN
JABATAN PERDANA MENTERI,PERKHIDMATAN AWAM PERSEKUTUAN,"PEJABAT PENYIMPAN MOHOR BESAR RAJA-RAJA, MALAYSIA"
JABATAN PERDANA MENTERI,PERKHIDMATAN AWAM PERSEKUTUAN,PEJABAT SETIAUSAHA PERSEKUTUAN SABAH
JABATAN PERDANA MENTERI,PERKHIDMATAN AWAM PERSEKUTUAN,PEJABAT SETIAUSAHA PERSEKUTUAN SARAWAK
JABATAN PERDANA MENTERI,PERKHIDMATAN AWAM PERSEKUTUAN,SURUHANJAYA PELANTIKAN KEHAKIMAN
JABATAN PERDANA MENTERI,PERKHIDMATAN AWAM PERSEKUTUAN,SURUHANJAYA PENCEGAHAN RASUAH MALAYSIA
JABATAN PERDANA MENTERI,PERKHIDMATAN AWAM PERSEKUTUAN,SURUHANJAYA PENGANGKUTAN AWAM DARAT
JABATAN PERDANA MENTERI,PERKHIDMATAN AWAM PERSEKUTUAN,SURUHANJAYA PERKHIDMATAN AWAM
JABATAN PERDANA MENTERI,PERKHIDMATAN AWAM PERSEKUTUAN,SURUHANJAYA PERKHIDMATAN PELAJARAN
JABATAN PERDANA MENTERI,PERKHIDMATAN AWAM PERSEKUTUAN,SURUHANJAYA PILIHAN RAYA
JABATAN PERDANA MENTERI,PERKHIDMATAN AWAM PERSEKUTUAN,UNIT KERJASAMA AWAM SWASTA
JABATAN PERDANA MENTERI,PERKHIDMATAN AWAM PERSEKUTUAN,UNIT PEMODENAN TADBIRAN DAN PERANCANGAN PENGURUSAN MALAYSIA
JABATAN PERDANA MENTERI,PERKHIDMATAN AWAM PERSEKUTUAN,UNIT PENYELARASAN PELAKSANAAN
JABATAN PERDANA MENTERI,PERKHIDMATAN AWAM PERSEKUTUAN,UNIT PERANCANG EKONOMI
JABATAN PERDANA MENTERI,PERKHIDMATAN AWAM PERSEKUTUAN,BAHAGIAN HAL EHWAL PENGUATKUASAAN MARITIM MALAYSIA
JABATAN PERDANA MENTERI,PERKHIDMATAN AWAM PERSEKUTUAN,BAHAGIAN PENGURUSAN HARTANAH
JABATAN PERDANA MENTERI,PERKHIDMATAN AWAM PERSEKUTUAN,BIRO PENGADUAN AWAM
JABATAN PERDANA MENTERI,PERKHIDMATAN AWAM PERSEKUTUAN,BIRO TATANEGARA
JABATAN PERDANA MENTERI,PERKHIDMATAN AWAM PERSEKUTUAN,INSTITUT LATIHAN KEHAKIMAN DAN PERUNDANGAN
JABATAN PERDANA MENTERI,PERKHIDMATAN AWAM PERSEKUTUAN,JABATAN BANTUAN GUAMAN
JABATAN PERDANA MENTERI,PERKHIDMATAN AWAM PERSEKUTUAN,JABATAN INSOLVENSI MALAYSIA
JABATAN PERDANA MENTERI,PERKHIDMATAN AWAM PERSEKUTUAN,JABATAN KEMAJUAN ISLAM MALAYSIA
JABATAN PERDANA MENTERI,PERKHIDMATAN AWAM PERSEKUTUAN,"JABATAN WAKAF, ZAKAT DAN HAJI (JAWHAR), JPM"
JABATAN PERDANA MENTERI,PERKHIDMATAN AWAM PERSEKUTUAN,MAHKAMAH SYARIAH WILAYAH PERSEKUTUAN
JABATAN PERDANA MENTERI,PERKHIDMATAN AWAM PERSEKUTUAN,PEJABAT KETUA PEGAWAI KESELAMATAN KERAJAAN MALAYSIA
JABATAN PERDANA MENTERI,PERKHIDMATAN AWAM PERSEKUTUAN,PEJABAT MUFTI WILAYAH PERSEKUTUAN
JABATAN PERDANA MENTERI,PERKHIDMATAN AWAM PERSEKUTUAN,JABATAN AGAMA ISLAM WILAYAH PERSEKUTUAN
JABATAN PERDANA MENTERI,BADAN BERKANUN PERSEKUTUAN,LEMBAGA KEMAJUAN TANAH PERSEKUTUAN (FELDA)
JABATAN PERDANA MENTERI,BADAN BERKANUN PERSEKUTUAN,LEMBAGA KEMAJUAN WILAYAH PULAU PINANG
JABATAN PERDANA MENTERI,BADAN BERKANUN PERSEKUTUAN,MAJLIS AGAMA ISLAM WILAYAH PERSEKUTUAN
JABATAN PERDANA MENTERI,BADAN BERKANUN PERSEKUTUAN,SURUHANJAYA INTEGRITI AGENSI PENGUATKUASAAN (SIAP)
KEMENTERIAN BELIA DAN SUKAN,PERKHIDMATAN AWAM PERSEKUTUAN,KEMENTERIAN BELIA DAN SUKAN
KEMENTERIAN BELIA DAN SUKAN,PERKHIDMATAN AWAM PERSEKUTUAN,JABATAN BELIA DAN SUKAN NEGARA
KEMENTERIAN BELIA DAN SUKAN,PERKHIDMATAN AWAM PERSEKUTUAN,PEJABAT PENDAFTARAN PERTUBUHAN BELIA
KEMENTERIAN BELIA DAN SUKAN,PERKHIDMATAN AWAM PERSEKUTUAN,PEJABAT PESURUHJAYA SUKAN
KEMENTERIAN BELIA DAN SUKAN,BADAN BERKANUN PERSEKUTUAN,INSTITUT PENYELIDIKAN PEMBANGUNAN BELIA MALAYSIA
KEMENTERIAN BELIA DAN SUKAN,BADAN BERKANUN PERSEKUTUAN,INSTITUT SUKAN NEGARA
KEMENTERIAN BELIA DAN SUKAN,BADAN BERKANUN PERSEKUTUAN,MAJLIS SUKAN NEGARA
KEMENTERIAN BELIA DAN SUKAN,BADAN BERKANUN PERSEKUTUAN,PERBADANAN STADIUM MALAYSIA
KEMENTERIAN DALAM NEGERI,PERKHIDMATAN AWAM PERSEKUTUAN,KEMENTERIAN DALAM NEGERI
KEMENTERIAN DALAM NEGERI,PERKHIDMATAN AWAM PERSEKUTUAN,AGENSI ANTIDADAH KEBANGSAAN
KEMENTERIAN DALAM NEGERI,PERKHIDMATAN AWAM PERSEKUTUAN,JABATAN IMIGRESEN MALAYSIA
KEMENTERIAN DALAM NEGERI,PERKHIDMATAN AWAM PERSEKUTUAN,JABATAN PENDAFTARAN NEGARA
KEMENTERIAN DALAM NEGERI,PERKHIDMATAN AWAM PERSEKUTUAN,JABATAN PENDAFTARAN PERTUBUHAN MALAYSIA
KEMENTERIAN DALAM NEGERI,PERKHIDMATAN AWAM PERSEKUTUAN,JABATAN PENJARA MALAYSIA
KEMENTERIAN DALAM NEGERI,PERKHIDMATAN AWAM PERSEKUTUAN,JABATAN PERTAHANAN AWAM MALAYSIA
KEMENTERIAN DALAM NEGERI,PERKHIDMATAN AWAM PERSEKUTUAN,POLIS DI RAJA MALAYSIA
KEMENTERIAN KEMAJUAN LUAR BANDAR DAN WILAYAH,PERKHIDMATAN AWAM PERSEKUTUAN,KEMENTERIAN KEMAJUAN LUAR BANDAR DAN WILAYAH
KEMENTERIAN KEMAJUAN LUAR BANDAR DAN WILAYAH,PERKHIDMATAN AWAM PERSEKUTUAN,INSTITUT KEMAJUAN DESA (INFRA)
KEMENTERIAN KEMAJUAN LUAR BANDAR DAN WILAYAH,PERKHIDMATAN AWAM PERSEKUTUAN,JABATAN KEMAJUAN MASYARAKAT (KEMAS)
KEMENTERIAN KEMAJUAN LUAR BANDAR DAN WILAYAH,PERKHIDMATAN AWAM PERSEKUTUAN,JABATAN KEMAJUAN ORANG ASLI
KEMENTERIAN KEMAJUAN LUAR BANDAR DAN WILAYAH,BADAN BERKANUN PERSEKUTUAN,LEMBAGA KEMAJUAN JOHOR TENGGARA (KEJORA)
KEMENTERIAN KEMAJUAN LUAR BANDAR DAN WILAYAH,BADAN BERKANUN PERSEKUTUAN,LEMBAGA KEMAJUAN KELANTAN SELATAN (KESEDAR)
KEMENTERIAN KEMAJUAN LUAR BANDAR DAN WILAYAH,BADAN BERKANUN PERSEKUTUAN,LEMBAGA KEMAJUAN TERENGGANU TENGAH (KETENGAH)
KEMENTERIAN KEMAJUAN LUAR BANDAR DAN WILAYAH,BADAN BERKANUN PERSEKUTUAN,LEMBAGA KEMAJUAN WILAYAH KEDAH (KEDA)
KEMENTERIAN KEMAJUAN LUAR BANDAR DAN WILAYAH,BADAN BERKANUN PERSEKUTUAN,MAJLIS AMANAH RAKYAT
KEMENTERIAN KEMAJUAN LUAR BANDAR DAN WILAYAH,BADAN BERKANUN PERSEKUTUAN,PIHAK BERKUASA KEMAJUAN PEKEBUN KECIL PERUSAHAAN GETAH (RISDA)
KEMENTERIAN KERJA RAYA,PERKHIDMATAN AWAM PERSEKUTUAN,KEMENTERIAN KERJA RAYA
KEMENTERIAN KERJA RAYA,PERKHIDMATAN AWAM PERSEKUTUAN,JABATAN KERJA RAYA (JKR)
KEMENTERIAN KERJA RAYA,BADAN BERKANUN PERSEKUTUAN,LEMBAGA LEBUHRAYA MALAYSIA (LLM)
KEMENTERIAN KERJA RAYA,BADAN BERKANUN PERSEKUTUAN,LEMBAGA PEMBANGUNAN INDUSTRI PEMBINAAN MALAYSIA (CIDB)
"KEMENTERIAN KESEJAHTERAAN BANDAR, PERUMAHAN DAN KERAJAAN TEMPATAN",PERKHIDMATAN AWAM PERSEKUTUAN,"KEMENTERIAN KESEJAHTERAAN BANDAR, PERUMAHAN DAN KERAJAAN TEMPATAN"
"KEMENTERIAN KESEJAHTERAAN BANDAR, PERUMAHAN DAN KERAJAAN TEMPATAN",PERKHIDMATAN AWAM PERSEKUTUAN,JABATAN BOMBA DAN PENYELAMAT MALAYSIA
"KEMENTERIAN KESEJAHTERAAN BANDAR, PERUMAHAN DAN KERAJAAN TEMPATAN",PERKHIDMATAN AWAM PERSEKUTUAN,JABATAN KERAJAAN TEMPATAN
"KEMENTERIAN KESEJAHTERAAN BANDAR, PERUMAHAN DAN KERAJAAN TEMPATAN",PERKHIDMATAN AWAM PERSEKUTUAN,JABATAN KERAJAAN TEMPATAN (MANSUH)
"KEMENTERIAN KESEJAHTERAAN BANDAR, PERUMAHAN DAN KERAJAAN TEMPATAN",PERKHIDMATAN AWAM PERSEKUTUAN,JABATAN LANDSKAP NEGARA
"KEMENTERIAN KESEJAHTERAAN BANDAR, PERUMAHAN DAN KERAJAAN TEMPATAN",PERKHIDMATAN AWAM PERSEKUTUAN,JABATAN PENGURUSAN SISA PEPEJAL NEGARA
"KEMENTERIAN KESEJAHTERAAN BANDAR, PERUMAHAN DAN KERAJAAN TEMPATAN",PERKHIDMATAN AWAM PERSEKUTUAN,JABATAN PERANCANGAN BANDAR DAN DESA
"KEMENTERIAN KESEJAHTERAAN BANDAR, PERUMAHAN DAN KERAJAAN TEMPATAN",PERKHIDMATAN AWAM PERSEKUTUAN,JABATAN PERUMAHAN NEGARA
"KEMENTERIAN KESEJAHTERAAN BANDAR, PERUMAHAN DAN KERAJAAN TEMPATAN",PERKHIDMATAN AWAM PERSEKUTUAN,TRIBUNAL PERUMAHAN DAN PENGURUSAN STRATA
"KEMENTERIAN KESEJAHTERAAN BANDAR, PERUMAHAN DAN KERAJAAN TEMPATAN",BADAN BERKANUN PERSEKUTUAN,PERBADANAN PENGURUSAN SISA PEPEJAL DAN PEMBERSIHAN AWAM
KEMENTERIAN KESIHATAN MALAYSIA,PERKHIDMATAN AWAM PERSEKUTUAN,KEMENTERIAN KESIHATAN MALAYSIA
KEMENTERIAN KESIHATAN MALAYSIA,BADAN BERKANUN PERSEKUTUAN,LEMBAGA PROMOSI KESIHATAN
KEMENTERIAN KESIHATAN MALAYSIA,BADAN BERKANUN PERSEKUTUAN,MALAYSIA HEALTHCARE TRAVEL COUNCIL
KEMENTERIAN KESIHATAN MALAYSIA,BADAN BERKANUN PERSEKUTUAN,PIHAK BERKUASA PERANTI PERUBATAN
KEMENTERIAN KEWANGAN,PERKHIDMATAN AWAM PERSEKUTUAN,KEMENTERIAN KEWANGAN
KEMENTERIAN KEWANGAN,PERKHIDMATAN AWAM PERSEKUTUAN,JABATAN AKAUNTAN NEGARA MALAYSIA
KEMENTERIAN KEWANGAN,PERKHIDMATAN AWAM PERSEKUTUAN,JABATAN KASTAM DIRAJA MALAYSIA
KEMENTERIAN KEWANGAN,PERKHIDMATAN AWAM PERSEKUTUAN,JABATAN PENILAIAN DAN PERKHIDMATAN HARTA
KEMENTERIAN KEWANGAN,BADAN BERKANUN PERSEKUTUAN,LEMBAGA PEMBANGUNAN LANGKAWI
KEMENTERIAN KOMUNIKASI DAN MULTIMEDIA MALAYSIA,PERKHIDMATAN AWAM PERSEKUTUAN,KEMENTERIAN KOMUNIKASI DAN MULTIMEDIA MALAYSIA
KEMENTERIAN KOMUNIKASI DAN MULTIMEDIA MALAYSIA,PERKHIDMATAN AWAM PERSEKUTUAN,INSTITUT PENYIARAN DAN PENERANGAN TUN ABDUL RAZAK
KEMENTERIAN KOMUNIKASI DAN MULTIMEDIA MALAYSIA,PERKHIDMATAN AWAM PERSEKUTUAN,JABATAN HAL EHWAL KHAS (JASA)
KEMENTERIAN KOMUNIKASI DAN MULTIMEDIA MALAYSIA,PERKHIDMATAN AWAM PERSEKUTUAN,JABATAN PENERANGAN MALAYSIA
KEMENTERIAN KOMUNIKASI DAN MULTIMEDIA MALAYSIA,PERKHIDMATAN AWAM PERSEKUTUAN,JABATAN PENYIARAN MALAYSIA
KEMENTERIAN KOMUNIKASI DAN MULTIMEDIA MALAYSIA,PERKHIDMATAN AWAM PERSEKUTUAN,JABATAN PERLINDUNGAN DATA PERIBADI
KEMENTERIAN KOMUNIKASI DAN MULTIMEDIA MALAYSIA,BADAN BERKANUN PERSEKUTUAN,PERBADANAN KEMAJUAN FILEM NASIONAL MALAYSIA
KEMENTERIAN KOMUNIKASI DAN MULTIMEDIA MALAYSIA,BADAN BERKANUN PERSEKUTUAN,PERTUBUHAN BERITA NASIONAL MALAYSIA (BERNAMA)
KEMENTERIAN LUAR NEGERI,PERKHIDMATAN AWAM PERSEKUTUAN,KEMENTERIAN LUAR NEGERI
KEMENTERIAN LUAR NEGERI,PERKHIDMATAN AWAM PERSEKUTUAN,INSTITUT DIPLOMASI DAN HUBUNGAN LUAR NEGERI (IDFR)
KEMENTERIAN LUAR NEGERI,PERKHIDMATAN AWAM PERSEKUTUAN,PUSAT SERANTAU ASIA TENGGARA BAGI MENCEGAH KEGANASAN (SEARCCT)
KEMENTERIAN PELANCONGAN DAN KEBUDAYAAN MALAYSIA,PERKHIDMATAN AWAM PERSEKUTUAN,KEMENTERIAN PELANCONGAN DAN KEBUDAYAAN MALAYSIA
KEMENTERIAN PELANCONGAN DAN KEBUDAYAAN MALAYSIA,PERKHIDMATAN AWAM PERSEKUTUAN,ISTANA BUDAYA
KEMENTERIAN PELANCONGAN DAN KEBUDAYAAN MALAYSIA,PERKHIDMATAN AWAM PERSEKUTUAN,JABATAN  WARISAN NEGARA
KEMENTERIAN PELANCONGAN DAN KEBUDAYAAN MALAYSIA,PERKHIDMATAN AWAM PERSEKUTUAN,JABATAN ARKIB NEGARA
KEMENTERIAN PELANCONGAN DAN KEBUDAYAAN MALAYSIA,PERKHIDMATAN AWAM PERSEKUTUAN,JABATAN KEBUDAYAAN DAN KESENIAN NEGARA
KEMENTERIAN PELANCONGAN DAN KEBUDAYAAN MALAYSIA,PERKHIDMATAN AWAM PERSEKUTUAN,JABATAN MUZIUM MALAYSIA
KEMENTERIAN PELANCONGAN DAN KEBUDAYAAN MALAYSIA,PERKHIDMATAN AWAM PERSEKUTUAN,PERPUSTAKAAN NEGARA
KEMENTERIAN PELANCONGAN DAN KEBUDAYAAN MALAYSIA,BADAN BERKANUN PERSEKUTUAN,AKADEMI SENI BUDAYA DAN WARISAN KEBANGSAAN
KEMENTERIAN PELANCONGAN DAN KEBUDAYAAN MALAYSIA,BADAN BERKANUN PERSEKUTUAN,BALAI  SENI VISUAL NEGARA
KEMENTERIAN PELANCONGAN DAN KEBUDAYAAN MALAYSIA,BADAN BERKANUN PERSEKUTUAN,LEMBAGA PENGGALAKAN PELANCONGAN MALAYSIA (LPPM)
KEMENTERIAN PELANCONGAN DAN KEBUDAYAAN MALAYSIA,BADAN BERKANUN PERSEKUTUAN,PERBADANAN KEMAJUAN KRAFTANGAN MALAYSIA
"KEMENTERIAN PEMBANGUNAN WANITA, KELUARGA DAN MASYARAKAT",PERKHIDMATAN AWAM PERSEKUTUAN,"KEMENTERIAN PEMBANGUNAN WANITA, KELUARGA DAN MASYARAKAT"
"KEMENTERIAN PEMBANGUNAN WANITA, KELUARGA DAN MASYARAKAT",PERKHIDMATAN AWAM PERSEKUTUAN,INSTITUT PENGUPAYAAN WANITA BAGI NEGARA-NEGARA BERKECUALI(NAM)@NIEW
"KEMENTERIAN PEMBANGUNAN WANITA, KELUARGA DAN MASYARAKAT",PERKHIDMATAN AWAM PERSEKUTUAN,INSTITUT SOSIAL MALAYSIA
"KEMENTERIAN PEMBANGUNAN WANITA, KELUARGA DAN MASYARAKAT",PERKHIDMATAN AWAM PERSEKUTUAN,JABATAN KEBAJIKAN MASYARAKAT MALAYSIA
"KEMENTERIAN PEMBANGUNAN WANITA, KELUARGA DAN MASYARAKAT",PERKHIDMATAN AWAM PERSEKUTUAN,JABATAN PEMBANGUNAN WANITA
"KEMENTERIAN PEMBANGUNAN WANITA, KELUARGA DAN MASYARAKAT",BADAN BERKANUN PERSEKUTUAN,LEMBAGA PENDUDUK DAN PEMBANGUNAN KELUARGA NEGARA
KEMENTERIAN PENDIDIKAN MALAYSIA,PERKHIDMATAN AWAM PERSEKUTUAN,KEMENTERIAN PENDIDIKAN MALAYSIA
KEMENTERIAN PENDIDIKAN MALAYSIA,BADAN BERKANUN PERSEKUTUAN,DEWAN BAHASA DAN PUSTAKA
KEMENTERIAN PENDIDIKAN MALAYSIA,BADAN BERKANUN PERSEKUTUAN,MAJLIS PEPERIKSAAN MALAYSIA
KEMENTERIAN PENDIDIKAN MALAYSIA,BADAN BERKANUN PERSEKUTUAN,AGENSI KELAYAKAN MALAYSIA (MQA)
KEMENTERIAN PENDIDIKAN MALAYSIA,BADAN BERKANUN PERSEKUTUAN,HOSPITAL UNIVERSITI SAINS MALAYSIA (HUSM)
KEMENTERIAN PENDIDIKAN MALAYSIA,BADAN BERKANUN PERSEKUTUAN,PERBADANAN TABUNG PENDIDIKAN TINGGI NASIONAL (PTPTN)
KEMENTERIAN PENDIDIKAN MALAYSIA,BADAN BERKANUN PERSEKUTUAN,PUSAT PERUBATAN UNIVERSITI KEBANGSAAN MALAYSIA (PPUKM)
KEMENTERIAN PENDIDIKAN MALAYSIA,BADAN BERKANUN PERSEKUTUAN,PUSAT PERUBATAN UNIVERSITI MALAYA (PPUM)
KEMENTERIAN PENDIDIKAN MALAYSIA,BADAN BERKANUN PERSEKUTUAN,UNIVERSITI KEBANGSAAN MALAYSIA (UKM)
KEMENTERIAN PENDIDIKAN MALAYSIA,BADAN BERKANUN PERSEKUTUAN,UNIVERSITI MALAYA (UM)
KEMENTERIAN PENDIDIKAN MALAYSIA,BADAN BERKANUN PERSEKUTUAN,UNIVERSITI MALAYSIA KELANTAN (UMK)
KEMENTERIAN PENDIDIKAN MALAYSIA,BADAN BERKANUN PERSEKUTUAN,UNIVERSITI MALAYSIA PAHANG (UMP)
KEMENTERIAN PENDIDIKAN MALAYSIA,BADAN BERKANUN PERSEKUTUAN,UNIVERSITI MALAYSIA PERLIS (UNIMAP)
KEMENTERIAN PENDIDIKAN MALAYSIA,BADAN BERKANUN PERSEKUTUAN,UNIVERSITI MALAYSIA SABAH (UMS)
KEMENTERIAN PENDIDIKAN MALAYSIA,BADAN BERKANUN PERSEKUTUAN,UNIVERSITI MALAYSIA SARAWAK (UNIMAS)
KEMENTERIAN PENDIDIKAN MALAYSIA,BADAN BERKANUN PERSEKUTUAN,UNIVERSITI MALAYSIA TERENGGANU (UMT)
KEMENTERIAN PENDIDIKAN MALAYSIA,BADAN BERKANUN PERSEKUTUAN,UNIVERSITI PENDIDIKAN SULTAN IDRIS (UPSI)
KEMENTERIAN PENDIDIKAN MALAYSIA,BADAN BERKANUN PERSEKUTUAN,UNIVERSITI PERTAHANAN NASIONAL MALAYSIA (UPNM)
KEMENTERIAN PENDIDIKAN MALAYSIA,BADAN BERKANUN PERSEKUTUAN,UNIVERSITI PUTRA MALAYSIA (UPM)
KEMENTERIAN PENDIDIKAN MALAYSIA,BADAN BERKANUN PERSEKUTUAN,UNIVERSITI SAINS ISLAM MALAYSIA (USIM)
KEMENTERIAN PENDIDIKAN MALAYSIA,BADAN BERKANUN PERSEKUTUAN,UNIVERSITI SAINS MALAYSIA (USM)
KEMENTERIAN PENDIDIKAN MALAYSIA,BADAN BERKANUN PERSEKUTUAN,UNIVERSITI SULTAN ZAINAL ABIDIN (UniSZA)
KEMENTERIAN PENDIDIKAN MALAYSIA,BADAN BERKANUN PERSEKUTUAN,UNIVERSITI TEKNIKAL MALAYSIA MELAKA (UTEM)
KEMENTERIAN PENDIDIKAN MALAYSIA,BADAN BERKANUN PERSEKUTUAN,UNIVERSITI TEKNOLOGI MALAYSIA (UTM)
KEMENTERIAN PENDIDIKAN MALAYSIA,BADAN BERKANUN PERSEKUTUAN,UNIVERSITI TEKNOLOGI MARA (UITM)
KEMENTERIAN PENDIDIKAN MALAYSIA,BADAN BERKANUN PERSEKUTUAN,UNIVERSITI TUN HUSSEIN ONN MALAYSIA (UTHM)
KEMENTERIAN PENDIDIKAN MALAYSIA,BADAN BERKANUN PERSEKUTUAN,UNIVERSITI UTARA MALAYSIA (UUM)
KEMENTERIAN PENGANGKUTAN,PERKHIDMATAN AWAM PERSEKUTUAN,KEMENTERIAN PENGANGKUTAN
KEMENTERIAN PENGANGKUTAN,PERKHIDMATAN AWAM PERSEKUTUAN,JABATAN KESELAMATAN JALAN RAYA
KEMENTERIAN PENGANGKUTAN,PERKHIDMATAN AWAM PERSEKUTUAN,JABATAN LAUT MALAYSIA
KEMENTERIAN PENGANGKUTAN,PERKHIDMATAN AWAM PERSEKUTUAN,JABATAN PENERBANGAN AWAM
KEMENTERIAN PENGANGKUTAN,PERKHIDMATAN AWAM PERSEKUTUAN,JABATAN PENGANGKUTAN JALAN MALAYSIA
KEMENTERIAN PENGANGKUTAN,BADAN BERKANUN PERSEKUTUAN,INSTITUT PENYELIDIKAN KESELAMATAN JALAN RAYA MALAYSIA
KEMENTERIAN PENGANGKUTAN,BADAN BERKANUN PERSEKUTUAN,LEMBAGA PELABUHAN BINTULU
KEMENTERIAN PENGANGKUTAN,BADAN BERKANUN PERSEKUTUAN,LEMBAGA PELABUHAN JOHOR
KEMENTERIAN PENGANGKUTAN,BADAN BERKANUN PERSEKUTUAN,LEMBAGA PELABUHAN KELANG
KEMENTERIAN PENGANGKUTAN,BADAN BERKANUN PERSEKUTUAN,LEMBAGA PELABUHAN KUANTAN
KEMENTERIAN PENGANGKUTAN,BADAN BERKANUN PERSEKUTUAN,PERBADANAN ASET KERETAPI
KEMENTERIAN PENGANGKUTAN,BADAN BERKANUN PERSEKUTUAN,SURUHANJAYA PELABUHAN PULAU PINANG
KEMENTERIAN PERDAGANGAN ANTARABANGSA DAN INDUSTRI,PERKHIDMATAN AWAM PERSEKUTUAN,KEMENTERIAN PERDAGANGAN ANTARABANGSA DAN INDUSTRI
KEMENTERIAN PERDAGANGAN ANTARABANGSA DAN INDUSTRI,BADAN BERKANUN PERSEKUTUAN,LEMBAGA KEMAJUAN PERINDUSTRIAN MALAYSIA
KEMENTERIAN PERDAGANGAN ANTARABANGSA DAN INDUSTRI,BADAN BERKANUN PERSEKUTUAN,PERBADANAN PEMBANGUNAN PERDAGANGAN LUAR MALAYSIA
KEMENTERIAN PERDAGANGAN ANTARABANGSA DAN INDUSTRI,BADAN BERKANUN PERSEKUTUAN,PERBADANAN PRODUKTIVITI MALAYSIA
"KEMENTERIAN PERDAGANGAN DALAM NEGERI, KOPERASI DAN KEPENGGUNAAN",PERKHIDMATAN AWAM PERSEKUTUAN,"KEMENTERIAN PERDAGANGAN DALAM NEGERI, KOPERASI DAN KEPENGGUNAAN"
"KEMENTERIAN PERDAGANGAN DALAM NEGERI, KOPERASI DAN KEPENGGUNAAN",BADAN BERKANUN PERSEKUTUAN,MAKTAB KOPERASI MALAYSIA (MKM)
"KEMENTERIAN PERDAGANGAN DALAM NEGERI, KOPERASI DAN KEPENGGUNAAN",BADAN BERKANUN PERSEKUTUAN,SURUHANJAYA KOPERASI MALAYSIA
"KEMENTERIAN PERDAGANGAN DALAM NEGERI, KOPERASI DAN KEPENGGUNAAN",BADAN BERKANUN PERSEKUTUAN,SURUHANJAYA PERSAINGAN MALAYSIA
KEMENTERIAN PERTAHANAN,PERKHIDMATAN AWAM PERSEKUTUAN,KEMENTERIAN PERTAHANAN
KEMENTERIAN PERTAHANAN,PERKHIDMATAN AWAM PERSEKUTUAN,JABATAN HAL EHWAL VETERAN ATM
KEMENTERIAN PERTAHANAN,PERKHIDMATAN AWAM PERSEKUTUAN,JABATAN LATIHAN KHIDMAT NEGARA
KEMENTERIAN PERTANIAN DAN INDUSTRI ASAS TANI,PERKHIDMATAN AWAM PERSEKUTUAN,KEMENTERIAN PERTANIAN DAN INDUSTRI ASAS TANI
KEMENTERIAN PERTANIAN DAN INDUSTRI ASAS TANI,PERKHIDMATAN AWAM PERSEKUTUAN,JABATAN PERIKANAN MALAYSIA
KEMENTERIAN PERTANIAN DAN INDUSTRI ASAS TANI,PERKHIDMATAN AWAM PERSEKUTUAN,JABATAN PERKHIDMATAN KUARANTIN DAN PEMERIKSAAN MALAYSIA (MAQIS)
KEMENTERIAN PERTANIAN DAN INDUSTRI ASAS TANI,PERKHIDMATAN AWAM PERSEKUTUAN,JABATAN PERKHIDMATAN VETERINAR
KEMENTERIAN PERTANIAN DAN INDUSTRI ASAS TANI,PERKHIDMATAN AWAM PERSEKUTUAN,JABATAN PERTANIAN MALAYSIA
KEMENTERIAN PERTANIAN DAN INDUSTRI ASAS TANI,BADAN BERKANUN PERSEKUTUAN,INSTITUT PENYELIDIKAN DAN KEMAJUAN PERTANIAN MALAYSIA (MARDI)
KEMENTERIAN PERTANIAN DAN INDUSTRI ASAS TANI,BADAN BERKANUN PERSEKUTUAN,LEMBAGA KEMAJUAN IKAN MALAYSIA
KEMENTERIAN PERTANIAN DAN INDUSTRI ASAS TANI,BADAN BERKANUN PERSEKUTUAN,LEMBAGA KEMAJUAN PERTANIAN KEMUBU
KEMENTERIAN PERTANIAN DAN INDUSTRI ASAS TANI,BADAN BERKANUN PERSEKUTUAN,LEMBAGA KEMAJUAN PERTANIAN MUDA (MADA)
KEMENTERIAN PERTANIAN DAN INDUSTRI ASAS TANI,BADAN BERKANUN PERSEKUTUAN,LEMBAGA PEMASARAN PERTANIAN PERSEKUTUAN
KEMENTERIAN PERTANIAN DAN INDUSTRI ASAS TANI,BADAN BERKANUN PERSEKUTUAN,LEMBAGA PERINDUSTRIAN NANAS MALAYSIA
KEMENTERIAN PERTANIAN DAN INDUSTRI ASAS TANI,BADAN BERKANUN PERSEKUTUAN,LEMBAGA PERTUBUHAN PELADANG
KEMENTERIAN PERUSAHAAN PERLADANGAN DAN KOMODITI,PERKHIDMATAN AWAM PERSEKUTUAN,KEMENTERIAN PERUSAHAAN PERLADANGAN DAN KOMODITI
KEMENTERIAN PERUSAHAAN PERLADANGAN DAN KOMODITI,BADAN BERKANUN PERSEKUTUAN,LEMBAGA GETAH MALAYSIA (LGM)
KEMENTERIAN PERUSAHAAN PERLADANGAN DAN KOMODITI,BADAN BERKANUN PERSEKUTUAN,LEMBAGA KOKO MALAYSIA
KEMENTERIAN PERUSAHAAN PERLADANGAN DAN KOMODITI,BADAN BERKANUN PERSEKUTUAN,LEMBAGA LADA MALAYSIA
KEMENTERIAN PERUSAHAAN PERLADANGAN DAN KOMODITI,BADAN BERKANUN PERSEKUTUAN,LEMBAGA MINYAK SAWIT MALAYSIA (MPOB)
KEMENTERIAN PERUSAHAAN PERLADANGAN DAN KOMODITI,BADAN BERKANUN PERSEKUTUAN,LEMBAGA PERINDUSTRIAN KAYU MALAYSIA (MTIB)
KEMENTERIAN PERUSAHAAN PERLADANGAN DAN KOMODITI,BADAN BERKANUN PERSEKUTUAN,LEMBAGA TEMBAKAU NEGARA (LTN)
"KEMENTERIAN SAINS, TEKNOLOGI DAN INOVASI",PERKHIDMATAN AWAM PERSEKUTUAN,"KEMENTERIAN SAINS, TEKNOLOGI DAN INOVASI"
"KEMENTERIAN SAINS, TEKNOLOGI DAN INOVASI",PERKHIDMATAN AWAM PERSEKUTUAN,AGENSI ANGKASA NEGARA (ANGKASA)
"KEMENTERIAN SAINS, TEKNOLOGI DAN INOVASI",PERKHIDMATAN AWAM PERSEKUTUAN,AGENSI NUKLEAR MALAYSIA
"KEMENTERIAN SAINS, TEKNOLOGI DAN INOVASI",PERKHIDMATAN AWAM PERSEKUTUAN,AGENSI REMOTE SENSING MALAYSIA
"KEMENTERIAN SAINS, TEKNOLOGI DAN INOVASI",PERKHIDMATAN AWAM PERSEKUTUAN,JABATAN KIMIA MALAYSIA
"KEMENTERIAN SAINS, TEKNOLOGI DAN INOVASI",PERKHIDMATAN AWAM PERSEKUTUAN,JABATAN METEOROLOGI MALAYSIA
"KEMENTERIAN SAINS, TEKNOLOGI DAN INOVASI",PERKHIDMATAN AWAM PERSEKUTUAN,JABATAN STANDARD MALAYSIA (STANDARDS MALAYSIA)
"KEMENTERIAN SAINS, TEKNOLOGI DAN INOVASI",PERKHIDMATAN AWAM PERSEKUTUAN,LEMBAGA PERLESENAN TENAGA ATOM (LPTA)
"KEMENTERIAN SAINS, TEKNOLOGI DAN INOVASI",PERKHIDMATAN AWAM PERSEKUTUAN,PUSAT SAINS NEGARA (PSN)
"KEMENTERIAN SAINS, TEKNOLOGI DAN INOVASI",BADAN BERKANUN PERSEKUTUAN,AKADEMI SAINS MALAYSIA
KEMENTERIAN SUMBER ASLI DAN ALAM SEKITAR,PERKHIDMATAN AWAM PERSEKUTUAN,KEMENTERIAN SUMBER ASLI DAN ALAM SEKITAR
KEMENTERIAN SUMBER ASLI DAN ALAM SEKITAR,PERKHIDMATAN AWAM PERSEKUTUAN,INSTITUT PENYELIDIKAN HIDRAULIK KEBANGSAAN MALAYSIA (NAHRIM)
KEMENTERIAN SUMBER ASLI DAN ALAM SEKITAR,PERKHIDMATAN AWAM PERSEKUTUAN,INSTITUT TANAH DAN UKUR NEGARA (INSTUN)
KEMENTERIAN SUMBER ASLI DAN ALAM SEKITAR,PERKHIDMATAN AWAM PERSEKUTUAN,JABATAN ALAM SEKITAR (JAS)
KEMENTERIAN SUMBER ASLI DAN ALAM SEKITAR,PERKHIDMATAN AWAM PERSEKUTUAN,JABATAN BIOKESELAMATAN
KEMENTERIAN SUMBER ASLI DAN ALAM SEKITAR,PERKHIDMATAN AWAM PERSEKUTUAN,JABATAN KETUA PENGARAH TANAH DAN GALIAN (JKPTG)
KEMENTERIAN SUMBER ASLI DAN ALAM SEKITAR,PERKHIDMATAN AWAM PERSEKUTUAN,JABATAN MINERAL DAN GEOSAINS  MALAYSIA
KEMENTERIAN SUMBER ASLI DAN ALAM SEKITAR,PERKHIDMATAN AWAM PERSEKUTUAN,JABATAN PENGAIRAN DAN SALIRAN MALAYSIA
KEMENTERIAN SUMBER ASLI DAN ALAM SEKITAR,PERKHIDMATAN AWAM PERSEKUTUAN,JABATAN PERHUTANAN SEMENANJUNG MALAYSIA (JPSM)
KEMENTERIAN SUMBER ASLI DAN ALAM SEKITAR,PERKHIDMATAN AWAM PERSEKUTUAN,JABATAN PERLINDUNGAN HIDUPAN LIAR DAN TAMAN NEGARA (PERHILITAN)
KEMENTERIAN SUMBER ASLI DAN ALAM SEKITAR,PERKHIDMATAN AWAM PERSEKUTUAN,JABATAN TAMAN LAUT MALAYSIA
KEMENTERIAN SUMBER ASLI DAN ALAM SEKITAR,PERKHIDMATAN AWAM PERSEKUTUAN,JABATAN UKUR DAN PEMETAAN MALAYSIA (JUPEM)
KEMENTERIAN SUMBER ASLI DAN ALAM SEKITAR,BADAN BERKANUN PERSEKUTUAN,INSTITUT PENYELIDIKAN PERHUTANAN MALAYSIA (FRIM)
KEMENTERIAN SUMBER MANUSIA,PERKHIDMATAN AWAM PERSEKUTUAN,KEMENTERIAN SUMBER MANUSIA
KEMENTERIAN SUMBER MANUSIA,PERKHIDMATAN AWAM PERSEKUTUAN,JABATAN HAL EHWAL KESATUAN SEKERJA
KEMENTERIAN SUMBER MANUSIA,PERKHIDMATAN AWAM PERSEKUTUAN,JABATAN KESELAMATAN DAN KESIHATAN PEKERJAAN
KEMENTERIAN SUMBER MANUSIA,PERKHIDMATAN AWAM PERSEKUTUAN,JABATAN PEMBANGUNAN KEMAHIRAN
KEMENTERIAN SUMBER MANUSIA,PERKHIDMATAN AWAM PERSEKUTUAN,JABATAN PERHUBUNGAN PERUSAHAAN
KEMENTERIAN SUMBER MANUSIA,PERKHIDMATAN AWAM PERSEKUTUAN,JABATAN TENAGA KERJA SABAH
KEMENTERIAN SUMBER MANUSIA,PERKHIDMATAN AWAM PERSEKUTUAN,JABATAN TENAGA KERJA SARAWAK
KEMENTERIAN SUMBER MANUSIA,PERKHIDMATAN AWAM PERSEKUTUAN,JABATAN TENAGA KERJA SEMENANJUNG MALAYSIA
KEMENTERIAN SUMBER MANUSIA,PERKHIDMATAN AWAM PERSEKUTUAN,JABATAN TENAGA MANUSIA
KEMENTERIAN SUMBER MANUSIA,PERKHIDMATAN AWAM PERSEKUTUAN,MAHKAMAH PERUSAHAAN
KEMENTERIAN SUMBER MANUSIA,BADAN BERKANUN PERSEKUTUAN,PERBADANAN TABUNG PEMBANGUNAN KEMAHIRAN
"KEMENTERIAN TENAGA, TEKNOLOGI HIJAU DAN AIR",PERKHIDMATAN AWAM PERSEKUTUAN,"KEMENTERIAN TENAGA, TEKNOLOGI HIJAU DAN AIR"
"KEMENTERIAN TENAGA, TEKNOLOGI HIJAU DAN AIR",PERKHIDMATAN AWAM PERSEKUTUAN,JABATAN PERKHIDMATAN PEMBETUNGAN
KEMENTERIAN WILAYAH PERSEKUTUAN,PERKHIDMATAN AWAM PERSEKUTUAN,KEMENTERIAN WILAYAH PERSEKUTUAN
KEMENTERIAN WILAYAH PERSEKUTUAN,BADAN BERKANUN PERSEKUTUAN,MAJLIS SUKAN WILAYAH PERSEKUTUAN
KEMENTERIAN WILAYAH PERSEKUTUAN,BADAN BERKANUN PERSEKUTUAN,PERBADANAN LABUAN
KEMENTERIAN WILAYAH PERSEKUTUAN,BADAN BERKANUN PERSEKUTUAN,PERBADANAN PEMBANGUNAN KAMPONG BHARU (BARU)
KEMENTERIAN WILAYAH PERSEKUTUAN,BADAN BERKANUN PERSEKUTUAN,PERBADANAN PUTRAJAYA
KEMENTERIAN WILAYAH PERSEKUTUAN,PIHAK BERKUASA TEMPATAN,DEWAN BANDARAYA KUALA LUMPUR
PENTADBIRAN KERAJAAN NEGERI JOHOR,PERKHIDMATAN AWAM NEGERI,PENTADBIRAN KERAJAAN NEGERI JOHOR
PENTADBIRAN KERAJAAN NEGERI JOHOR,PERKHIDMATAN AWAM NEGERI,JABATAN AGAMA JOHOR
PENTADBIRAN KERAJAAN NEGERI JOHOR,PERKHIDMATAN AWAM NEGERI,JABATAN KEBAJIKAN MASYARAKAT NEGERI JOHOR
PENTADBIRAN KERAJAAN NEGERI JOHOR,PERKHIDMATAN AWAM NEGERI,JABATAN KEHAKIMAN SYARIAH NEGERI JOHOR
PENTADBIRAN KERAJAAN NEGERI JOHOR,PERKHIDMATAN AWAM NEGERI,JABATAN KERJA RAYA NEGERI JOHOR
PENTADBIRAN KERAJAAN NEGERI JOHOR,PERKHIDMATAN AWAM NEGERI,JABATAN MUFTI JOHOR
PENTADBIRAN KERAJAAN NEGERI JOHOR,PERKHIDMATAN AWAM NEGERI,JABATAN MUZIUM DIRAJA ABU BAKAR ISTANA BESAR JOHOR
PENTADBIRAN KERAJAAN NEGERI JOHOR,PERKHIDMATAN AWAM NEGERI,JABATAN PENGAIRAN DAN SALIRAN NEGERI JOHOR
PENTADBIRAN KERAJAAN NEGERI JOHOR,PERKHIDMATAN AWAM NEGERI,JABATAN PERANCANGAN BANDAR DAN DESA JOHOR
PENTADBIRAN KERAJAAN NEGERI JOHOR,PERKHIDMATAN AWAM NEGERI,JABATAN PERHUTANAN NEGERI JOHOR
PENTADBIRAN KERAJAAN NEGERI JOHOR,PERKHIDMATAN AWAM NEGERI,JABATAN PERKHIDMATAN VETERINAR NEGERI JOHOR
PENTADBIRAN KERAJAAN NEGERI JOHOR,PERKHIDMATAN AWAM NEGERI,JABATAN PERTANIAN NEGERI JOHOR
PENTADBIRAN KERAJAAN NEGERI JOHOR,PERKHIDMATAN AWAM NEGERI,PEJABAT DAERAH JOHOR BAHRU
PENTADBIRAN KERAJAAN NEGERI JOHOR,PERKHIDMATAN AWAM NEGERI,PEJABAT KEBUN BUNGA KERAJAAN JOHOR
PENTADBIRAN KERAJAAN NEGERI JOHOR,PERKHIDMATAN AWAM NEGERI,PEJABAT TANAH DAN GALIAN NEGERI JOHOR
PENTADBIRAN KERAJAAN NEGERI JOHOR,PERKHIDMATAN AWAM NEGERI,PEJABAT TANAH MERSING
PENTADBIRAN KERAJAAN NEGERI JOHOR,PERKHIDMATAN AWAM NEGERI,PERBENDAHARAAN NEGERI JOHOR
PENTADBIRAN KERAJAAN NEGERI JOHOR,PERKHIDMATAN AWAM NEGERI,PERUNTUKAN  DIRAJA
PENTADBIRAN KERAJAAN NEGERI JOHOR,PERKHIDMATAN AWAM NEGERI,SURUHANJAYA PERKHIDMATAN AWAM JOHOR
PENTADBIRAN KERAJAAN NEGERI JOHOR,BADAN BERKANUN NEGERI,MAJLIS AGAMA ISLAM NEGERI JOHOR
PENTADBIRAN KERAJAAN NEGERI JOHOR,BADAN BERKANUN NEGERI,PERBADANAN ISLAM JOHOR
PENTADBIRAN KERAJAAN NEGERI JOHOR,BADAN BERKANUN NEGERI,PERBADANAN PERPUSTAKAAN AWAM JOHOR
PENTADBIRAN KERAJAAN NEGERI JOHOR,BADAN BERKANUN NEGERI,PERBADANAN TAMAN NEGARA JOHOR
PENTADBIRAN KERAJAAN NEGERI JOHOR,BADAN BERKANUN NEGERI,YAYASAN PELAJARAN JOHOR
PENTADBIRAN KERAJAAN NEGERI JOHOR,BADAN BERKANUN NEGERI,YAYASAN PEMBANGUNAN KELUARGA DARUL TAZIM
PENTADBIRAN KERAJAAN NEGERI JOHOR,BADAN BERKANUN NEGERI,YAYASAN WARISAN JOHOR
PENTADBIRAN KERAJAAN NEGERI JOHOR,PIHAK BERKUASA TEMPATAN,MAJLIS BANDARAYA JOHOR BAHRU
PENTADBIRAN KERAJAAN NEGERI JOHOR,PIHAK BERKUASA TEMPATAN,MAJLIS DAERAH KOTA TINGGI
PENTADBIRAN KERAJAAN NEGERI JOHOR,PIHAK BERKUASA TEMPATAN,MAJLIS DAERAH LABIS
PENTADBIRAN KERAJAAN NEGERI JOHOR,PIHAK BERKUASA TEMPATAN,MAJLIS DAERAH MERSING
PENTADBIRAN KERAJAAN NEGERI JOHOR,PIHAK BERKUASA TEMPATAN,MAJLIS DAERAH PONTIAN
PENTADBIRAN KERAJAAN NEGERI JOHOR,PIHAK BERKUASA TEMPATAN,MAJLIS DAERAH SEGAMAT
PENTADBIRAN KERAJAAN NEGERI JOHOR,PIHAK BERKUASA TEMPATAN,MAJLIS DAERAH SIMPANG RENGGAM
PENTADBIRAN KERAJAAN NEGERI JOHOR,PIHAK BERKUASA TEMPATAN,MAJLIS DAERAH TANGKAK
PENTADBIRAN KERAJAAN NEGERI JOHOR,PIHAK BERKUASA TEMPATAN,MAJLIS DAERAH YONG PENG
PENTADBIRAN KERAJAAN NEGERI JOHOR,PIHAK BERKUASA TEMPATAN,MAJLIS PERBANDARAN BATU PAHAT
PENTADBIRAN KERAJAAN NEGERI JOHOR,PIHAK BERKUASA TEMPATAN,MAJLIS PERBANDARAN JOHOR BAHRU TENGAH
PENTADBIRAN KERAJAAN NEGERI JOHOR,PIHAK BERKUASA TEMPATAN,MAJLIS PERBANDARAN KLUANG
PENTADBIRAN KERAJAAN NEGERI JOHOR,PIHAK BERKUASA TEMPATAN,MAJLIS PERBANDARAN KULAI
PENTADBIRAN KERAJAAN NEGERI JOHOR,PIHAK BERKUASA TEMPATAN,MAJLIS PERBANDARAN MUAR
PENTADBIRAN KERAJAAN NEGERI JOHOR,PIHAK BERKUASA TEMPATAN,MAJLIS PERBANDARAN PASIR GUDANG
PENTADBIRAN KERAJAAN NEGERI KEDAH,PERKHIDMATAN AWAM NEGERI,PENTADBIRAN KERAJAAN NEGERI KEDAH
PENTADBIRAN KERAJAAN NEGERI KEDAH,PERKHIDMATAN AWAM NEGERI,JABATAN HAL EHWAL AGAMA ISLAM NEGERI KEDAH
PENTADBIRAN KERAJAAN NEGERI KEDAH,PERKHIDMATAN AWAM NEGERI,JABATAN KEBAJIKAN MASYARAKAT NEGERI KEDAH
PENTADBIRAN KERAJAAN NEGERI KEDAH,PERKHIDMATAN AWAM NEGERI,JABATAN KEHAKIMAN SYARIAH NEGERI KEDAH
PENTADBIRAN KERAJAAN NEGERI KEDAH,PERKHIDMATAN AWAM NEGERI,JABATAN MUFTI NEGERI KEDAH DARUL AMAN
PENTADBIRAN KERAJAAN NEGERI KEDAH,PERKHIDMATAN AWAM NEGERI,JABATAN PENGAIRAN DAN SALIRAN NEGERI KEDAH
PENTADBIRAN KERAJAAN NEGERI KEDAH,PERKHIDMATAN AWAM NEGERI,JABATAN PERANCANGAN BANDAR DAN DESA NEGERI KEDAH
PENTADBIRAN KERAJAAN NEGERI KEDAH,PERKHIDMATAN AWAM NEGERI,JABATAN PERHUTANAN NEGERI KEDAH
PENTADBIRAN KERAJAAN NEGERI KEDAH,PERKHIDMATAN AWAM NEGERI,JABATAN PERKHIDMATAN VETERINAR NEGERI KEDAH
PENTADBIRAN KERAJAAN NEGERI KEDAH,PERKHIDMATAN AWAM NEGERI,JABATAN PERTANIAN NEGERI KEDAH
PENTADBIRAN KERAJAAN NEGERI KEDAH,PERKHIDMATAN AWAM NEGERI,JKR NEGERI KEDAH DARULAMAN
PENTADBIRAN KERAJAAN NEGERI KEDAH,PERKHIDMATAN AWAM NEGERI,PEJABAT DAERAH DAN TANAH POKOK SENA
PENTADBIRAN KERAJAAN NEGERI KEDAH,PERKHIDMATAN AWAM NEGERI,PEJABAT DAERAH KUBANG PASU
PENTADBIRAN KERAJAAN NEGERI KEDAH,PERKHIDMATAN AWAM NEGERI,PEJABAT KDYMM TUANKU SULTAN KEDAH DARUL AMAN
PENTADBIRAN KERAJAAN NEGERI KEDAH,PERKHIDMATAN AWAM NEGERI,PEJABAT KEWANGAN NEGERI KEDAH
PENTADBIRAN KERAJAAN NEGERI KEDAH,PERKHIDMATAN AWAM NEGERI,PEJABAT PENGARAH TANAH DAN GALIAN NEGERI KEDAH
PENTADBIRAN KERAJAAN NEGERI KEDAH,PERKHIDMATAN AWAM NEGERI,SURUHANJAYA PERKHIDMATAN AWAM NEGERI KEDAH DARUL AMAN
PENTADBIRAN KERAJAAN NEGERI KEDAH,BADAN BERKANUN NEGERI,LEMBAGA KEMAJUAN PENANAM-PENANAM PADI KEDAH
PENTADBIRAN KERAJAAN NEGERI KEDAH,BADAN BERKANUN NEGERI,LEMBAGA MAKTAB MAHMUD
PENTADBIRAN KERAJAAN NEGERI KEDAH,BADAN BERKANUN NEGERI,LEMBAGA MUZIUM NEGERI KEDAH
PENTADBIRAN KERAJAAN NEGERI KEDAH,BADAN BERKANUN NEGERI,LEMBAGA SUMBER AIR NEGERI KEDAH
PENTADBIRAN KERAJAAN NEGERI KEDAH,BADAN BERKANUN NEGERI,MAJLIS AGAMA ISLAM NEGERI KEDAH DARUL AMAN
PENTADBIRAN KERAJAAN NEGERI KEDAH,BADAN BERKANUN NEGERI,PERBADANAN KEMAJUAN NEGERI KEDAH
PENTADBIRAN KERAJAAN NEGERI KEDAH,BADAN BERKANUN NEGERI,PERBADANAN PERPUSTAKAAN AWAM KEDAH
PENTADBIRAN KERAJAAN NEGERI KEDAH,PIHAK BERKUASA TEMPATAN,MAJLIS BANDARAYA ALOR SETAR
PENTADBIRAN KERAJAAN NEGERI KEDAH,PIHAK BERKUASA TEMPATAN,MAJLIS DAERAH BALING
PENTADBIRAN KERAJAAN NEGERI KEDAH,PIHAK BERKUASA TEMPATAN,MAJLIS DAERAH BANDAR BAHARU
PENTADBIRAN KERAJAAN NEGERI KEDAH,PIHAK BERKUASA TEMPATAN,MAJLIS DAERAH KUBANG PASU
PENTADBIRAN KERAJAAN NEGERI KEDAH,PIHAK BERKUASA TEMPATAN,MAJLIS DAERAH PADANG TERAP
PENTADBIRAN KERAJAAN NEGERI KEDAH,PIHAK BERKUASA TEMPATAN,MAJLIS DAERAH PENDANG
PENTADBIRAN KERAJAAN NEGERI KEDAH,PIHAK BERKUASA TEMPATAN,MAJLIS DAERAH SIK
PENTADBIRAN KERAJAAN NEGERI KEDAH,PIHAK BERKUASA TEMPATAN,MAJLIS DAERAH YAN
PENTADBIRAN KERAJAAN NEGERI KEDAH,PIHAK BERKUASA TEMPATAN,MAJLIS PERBANDARAN KULIM
PENTADBIRAN KERAJAAN NEGERI KEDAH,PIHAK BERKUASA TEMPATAN,MAJLIS PERBANDARAN LANGKAWI BANDARAYA PELANCONGAN
PENTADBIRAN KERAJAAN NEGERI KEDAH,PIHAK BERKUASA TEMPATAN,MAJLIS PERBANDARAN SUNGAI PETANI
PENTADBIRAN KERAJAAN NEGERI KELANTAN,PERKHIDMATAN AWAM NEGERI,PENTADBIRAN KERAJAAN NEGERI KELANTAN
PENTADBIRAN KERAJAAN NEGERI KELANTAN,PERKHIDMATAN AWAM NEGERI,JABATAN HAL EHWAL AGAMA ISLAM NEGERI KELANTAN
PENTADBIRAN KERAJAAN NEGERI KELANTAN,PERKHIDMATAN AWAM NEGERI,JABATAN KEBAJIKAN MASYARAKAT NEGERI KELANTAN
PENTADBIRAN KERAJAAN NEGERI KELANTAN,PERKHIDMATAN AWAM NEGERI,JABATAN KEHAKIMAN SYARIAH NEGERI KELANTAN
PENTADBIRAN KERAJAAN NEGERI KELANTAN,PERKHIDMATAN AWAM NEGERI,JABATAN KERJA RAYA NEGERI KELANTAN
PENTADBIRAN KERAJAAN NEGERI KELANTAN,PERKHIDMATAN AWAM NEGERI,JABATAN MUFTI NEGERI KELANTAN
PENTADBIRAN KERAJAAN NEGERI KELANTAN,PERKHIDMATAN AWAM NEGERI,JABATAN PENGAIRAN DAN SALIRAN NEGERI KELANTAN
PENTADBIRAN KERAJAAN NEGERI KELANTAN,PERKHIDMATAN AWAM NEGERI,JABATAN PERANCANG BANDAR DAN DESA NEGERI KELANTAN
PENTADBIRAN KERAJAAN NEGERI KELANTAN,PERKHIDMATAN AWAM NEGERI,JABATAN PERHUTANAN NEGERI KELANTAN
PENTADBIRAN KERAJAAN NEGERI KELANTAN,PERKHIDMATAN AWAM NEGERI,JABATAN PERKHIDMATAN VETERINAR NEGERI KELANTAN
PENTADBIRAN KERAJAAN NEGERI KELANTAN,PERKHIDMATAN AWAM NEGERI,JABATAN PERTANIAN NEGERI KELANTAN
PENTADBIRAN KERAJAAN NEGERI KELANTAN,PERKHIDMATAN AWAM NEGERI,PEJABAT PEMBANGUNAN NEGERI KELANTAN
PENTADBIRAN KERAJAAN NEGERI KELANTAN,PERKHIDMATAN AWAM NEGERI,PEJABAT PENGARAH TANAH DAN GALIAN KELANTAN
PENTADBIRAN KERAJAAN NEGERI KELANTAN,PERKHIDMATAN AWAM NEGERI,PEJABAT SULTAN KELANTAN
PENTADBIRAN KERAJAAN NEGERI KELANTAN,PERKHIDMATAN AWAM NEGERI,PEJABAT TANAH DAN JAJAHAN KELANTAN
PENTADBIRAN KERAJAAN NEGERI KELANTAN,PERKHIDMATAN AWAM NEGERI,PERBENDAHARAAN NEGERI KELANTAN
PENTADBIRAN KERAJAAN NEGERI KELANTAN,PERKHIDMATAN AWAM NEGERI,PEJABAT TANAH DAN JAJAHAN KECIL LOJING
PENTADBIRAN KERAJAAN NEGERI KELANTAN,BADAN BERKANUN NEGERI,MAJLIS AGAMA ISLAM DAN ADAT ISTIADAT MELAYU NEGERI KELANTAN
PENTADBIRAN KERAJAAN NEGERI KELANTAN,BADAN BERKANUN NEGERI,PERBADANAN KEMAJUAN IKTISAD NEGERI KELANTAN
PENTADBIRAN KERAJAAN NEGERI KELANTAN,BADAN BERKANUN NEGERI,PERBADANAN MUZIUM NEGERI KELANTAN
PENTADBIRAN KERAJAAN NEGERI KELANTAN,BADAN BERKANUN NEGERI,PERBADANAN PERPUSTAKAAN AWAM KELANTAN
PENTADBIRAN KERAJAAN NEGERI KELANTAN,BADAN BERKANUN NEGERI,PERBADANAN STADIUM KELANTAN
PENTADBIRAN KERAJAAN NEGERI KELANTAN,BADAN BERKANUN NEGERI,YAYASAN ISLAM KELANTAN
PENTADBIRAN KERAJAAN NEGERI KELANTAN,BADAN BERKANUN NEGERI,YAYASAN KELANTAN DARULNAIM
PENTADBIRAN KERAJAAN NEGERI KELANTAN,PIHAK BERKUASA TEMPATAN,MAJLIS DAERAH BACHOK
PENTADBIRAN KERAJAAN NEGERI KELANTAN,PIHAK BERKUASA TEMPATAN,MAJLIS DAERAH DABONG
PENTADBIRAN KERAJAAN NEGERI KELANTAN,PIHAK BERKUASA TEMPATAN,MAJLIS DAERAH GUA MUSANG
PENTADBIRAN KERAJAAN NEGERI KELANTAN,PIHAK BERKUASA TEMPATAN,MAJLIS DAERAH JELI
PENTADBIRAN KERAJAAN NEGERI KELANTAN,PIHAK BERKUASA TEMPATAN,MAJLIS DAERAH KETEREH
PENTADBIRAN KERAJAAN NEGERI KELANTAN,PIHAK BERKUASA TEMPATAN,MAJLIS DAERAH KUALA KRAI
PENTADBIRAN KERAJAAN NEGERI KELANTAN,PIHAK BERKUASA TEMPATAN,MAJLIS DAERAH MACHANG
PENTADBIRAN KERAJAAN NEGERI KELANTAN,PIHAK BERKUASA TEMPATAN,MAJLIS DAERAH PASIR MAS
PENTADBIRAN KERAJAAN NEGERI KELANTAN,PIHAK BERKUASA TEMPATAN,MAJLIS DAERAH PASIR PUTEH
PENTADBIRAN KERAJAAN NEGERI KELANTAN,PIHAK BERKUASA TEMPATAN,MAJLIS DAERAH TANAH MERAH
PENTADBIRAN KERAJAAN NEGERI KELANTAN,PIHAK BERKUASA TEMPATAN,MAJLIS DAERAH TUMPAT
PENTADBIRAN KERAJAAN NEGERI KELANTAN,PIHAK BERKUASA TEMPATAN,MAJLIS PERBANDARAN KOTA BHARU BANDAR RAYA ISLAM
PENTADBIRAN KERAJAAN NEGERI MELAKA,PERKHIDMATAN AWAM NEGERI,PENTADBIRAN KERAJAAN NEGERI MELAKA
PENTADBIRAN KERAJAAN NEGERI MELAKA,PERKHIDMATAN AWAM NEGERI,JABATAN AGAMA ISLAM MELAKA
PENTADBIRAN KERAJAAN NEGERI MELAKA,PERKHIDMATAN AWAM NEGERI,JABATAN KEBAJIKAN MASYARAKAT NEGERI MELAKA
PENTADBIRAN KERAJAAN NEGERI MELAKA,PERKHIDMATAN AWAM NEGERI,JABATAN KERJA RAYA NEGERI MELAKA
PENTADBIRAN KERAJAAN NEGERI MELAKA,PERKHIDMATAN AWAM NEGERI,JABATAN KEWANGAN DAN PERBENDAHARAAN NEGERI MELAKA
PENTADBIRAN KERAJAAN NEGERI MELAKA,PERKHIDMATAN AWAM NEGERI,JABATAN MUFTI MELAKA
PENTADBIRAN KERAJAAN NEGERI MELAKA,PERKHIDMATAN AWAM NEGERI,JABATAN PENGAIRAN DAN SALIRAN NEGERI MELAKA
PENTADBIRAN KERAJAAN NEGERI MELAKA,PERKHIDMATAN AWAM NEGERI,JABATAN PERANCANGAN BANDAR DAN DESA NEGERI MELAKA
PENTADBIRAN KERAJAAN NEGERI MELAKA,PERKHIDMATAN AWAM NEGERI,JABATAN PERHUTANAN NEGERI MELAKA
PENTADBIRAN KERAJAAN NEGERI MELAKA,PERKHIDMATAN AWAM NEGERI,JABATAN PERKHIDMATAN VETERINAR NEGERI MELAKA
PENTADBIRAN KERAJAAN NEGERI MELAKA,PERKHIDMATAN AWAM NEGERI,JABATAN PERTANIAN NEGERI MELAKA
PENTADBIRAN KERAJAAN NEGERI MELAKA,PERKHIDMATAN AWAM NEGERI,MAHKAMAH SYARIAH NEGERI MELAKA
PENTADBIRAN KERAJAAN NEGERI MELAKA,PERKHIDMATAN AWAM NEGERI,PEJABAT DAERAH DAN TANAH MELAKA
PENTADBIRAN KERAJAAN NEGERI MELAKA,PERKHIDMATAN AWAM NEGERI,PEJABAT TANAH DAN GALIAN MELAKA
PENTADBIRAN KERAJAAN NEGERI MELAKA,PERKHIDMATAN AWAM NEGERI,PEJABAT TYT YANG DIPERTUA NEGERI MELAKA
PENTADBIRAN KERAJAAN NEGERI MELAKA,BADAN BERKANUN NEGERI,LEMBAGA PERUMAHAN NEGERI MELAKA
PENTADBIRAN KERAJAAN NEGERI MELAKA,BADAN BERKANUN NEGERI,MAJLIS AGAMA ISLAM MELAKA
PENTADBIRAN KERAJAAN NEGERI MELAKA,BADAN BERKANUN NEGERI,PERBADANAN HANG TUAH JAYA
PENTADBIRAN KERAJAAN NEGERI MELAKA,BADAN BERKANUN NEGERI,PERBADANAN KEMAJUAN NEGERI MELAKA
PENTADBIRAN KERAJAAN NEGERI MELAKA,BADAN BERKANUN NEGERI,PERBADANAN KEMAJUAN TANAH ADAT MELAKA
PENTADBIRAN KERAJAAN NEGERI MELAKA,BADAN BERKANUN NEGERI,PERBADANAN MUZIUM MELAKA
PENTADBIRAN KERAJAAN NEGERI MELAKA,BADAN BERKANUN NEGERI,PERBADANAN PERPUSTAKAAN AWAM MELAKA
PENTADBIRAN KERAJAAN NEGERI MELAKA,BADAN BERKANUN NEGERI,PERBADANAN STADIUM NEGERI MELAKA
PENTADBIRAN KERAJAAN NEGERI MELAKA,BADAN BERKANUN NEGERI,YAYASAN MELAKA
PENTADBIRAN KERAJAAN NEGERI MELAKA,PIHAK BERKUASA TEMPATAN,MAJLIS BANDARAYA MELAKA BERSEJARAH
PENTADBIRAN KERAJAAN NEGERI MELAKA,PIHAK BERKUASA TEMPATAN,MAJLIS PERBANDARAN ALOR GAJAH
PENTADBIRAN KERAJAAN NEGERI MELAKA,PIHAK BERKUASA TEMPATAN,MAJLIS PERBANDARAN HANG TUAH JAYA
PENTADBIRAN KERAJAAN NEGERI MELAKA,PIHAK BERKUASA TEMPATAN,MAJLIS PERBANDARAN JASIN
PENTADBIRAN KERAJAAN NEGERI PAHANG,PERKHIDMATAN AWAM NEGERI,PENTADBIRAN KERAJAAN NEGERI PAHANG
PENTADBIRAN KERAJAAN NEGERI PAHANG,PERKHIDMATAN AWAM NEGERI,JABATAN AGAMA ISLAM NEGERI PAHANG
PENTADBIRAN KERAJAAN NEGERI PAHANG,PERKHIDMATAN AWAM NEGERI,JABATAN BEKALAN AIR NEGERI PAHANG
PENTADBIRAN KERAJAAN NEGERI PAHANG,PERKHIDMATAN AWAM NEGERI,JABATAN KEBAJIKAN MASYARAKAT NEGERI PAHANG
PENTADBIRAN KERAJAAN NEGERI PAHANG,PERKHIDMATAN AWAM NEGERI,JABATAN KEHAKIMAN SYARIAH NEGERI PAHANG
PENTADBIRAN KERAJAAN NEGERI PAHANG,PERKHIDMATAN AWAM NEGERI,JABATAN KERJA RAYA NEGERI PAHANG
PENTADBIRAN KERAJAAN NEGERI PAHANG,PERKHIDMATAN AWAM NEGERI,JABATAN MUFTI NEGERI PAHANG
PENTADBIRAN KERAJAAN NEGERI PAHANG,PERKHIDMATAN AWAM NEGERI,JABATAN PENGAIRAN DAN SALIRAN NEGERI PAHANG
PENTADBIRAN KERAJAAN NEGERI PAHANG,PERKHIDMATAN AWAM NEGERI,JABATAN PERANCANGAN BANDAR DAN DESA NEGERI PAHANG
PENTADBIRAN KERAJAAN NEGERI PAHANG,PERKHIDMATAN AWAM NEGERI,JABATAN PERHUTANAN NEGERI PAHANG
PENTADBIRAN KERAJAAN NEGERI PAHANG,PERKHIDMATAN AWAM NEGERI,JABATAN PERKHIDMATAN VETERINAR NEGERI PAHANG
PENTADBIRAN KERAJAAN NEGERI PAHANG,PERKHIDMATAN AWAM NEGERI,JABATAN PERTANIAN NEGERI PAHANG
PENTADBIRAN KERAJAAN NEGERI PAHANG,PERKHIDMATAN AWAM NEGERI,PEJABAT DAERAH DAN TANAH KUANTAN
PENTADBIRAN KERAJAAN NEGERI PAHANG,PERKHIDMATAN AWAM NEGERI,PEJABAT KDYMM SULTAN PAHANG
PENTADBIRAN KERAJAAN NEGERI PAHANG,PERKHIDMATAN AWAM NEGERI,PEJABAT KEWANGAN DAN PERBENDAHARAAN NEGERI PAHANG
PENTADBIRAN KERAJAAN NEGERI PAHANG,PERKHIDMATAN AWAM NEGERI,PEJABAT PENGARAH TANAH DAN GALIAN PAHANG
PENTADBIRAN KERAJAAN NEGERI PAHANG,PERKHIDMATAN AWAM NEGERI,SURUHANJAYA PERKHIDMATAN AWAM NEGERI PAHANG
PENTADBIRAN KERAJAAN NEGERI PAHANG,BADAN BERKANUN NEGERI,LEMBAGA KEMAJUAN PERUSAHAAN PERTANIAN NEGERI PAHANG
PENTADBIRAN KERAJAAN NEGERI PAHANG,BADAN BERKANUN NEGERI,LEMBAGA MUZIUM NEGERI PAHANG
PENTADBIRAN KERAJAAN NEGERI PAHANG,BADAN BERKANUN NEGERI,LEMBAGA PEMBANGUNAN TIOMAN
PENTADBIRAN KERAJAAN NEGERI PAHANG,BADAN BERKANUN NEGERI,MAJLIS UGAMA ISLAM DAN ADAT RESAM MELAYU PAHANG
PENTADBIRAN KERAJAAN NEGERI PAHANG,BADAN BERKANUN NEGERI,PERBADANAN KEMAJUAN BUKIT FRASER
PENTADBIRAN KERAJAAN NEGERI PAHANG,BADAN BERKANUN NEGERI,PERBADANAN KEMAJUAN NEGERI PAHANG
PENTADBIRAN KERAJAAN NEGERI PAHANG,BADAN BERKANUN NEGERI,PERBADANAN PERPUSTAKAAN AWAM PAHANG
PENTADBIRAN KERAJAAN NEGERI PAHANG,BADAN BERKANUN NEGERI,PERBADANAN STADIUM DARUL MAKMUR
PENTADBIRAN KERAJAAN NEGERI PAHANG,BADAN BERKANUN NEGERI,YAYASAN PAHANG
PENTADBIRAN KERAJAAN NEGERI PAHANG,PIHAK BERKUASA TEMPATAN,MAJLIS DAERAH BERA
PENTADBIRAN KERAJAAN NEGERI PAHANG,PIHAK BERKUASA TEMPATAN,MAJLIS DAERAH CAMERON HIGHLANDS
PENTADBIRAN KERAJAAN NEGERI PAHANG,PIHAK BERKUASA TEMPATAN,MAJLIS DAERAH JERANTUT
PENTADBIRAN KERAJAAN NEGERI PAHANG,PIHAK BERKUASA TEMPATAN,MAJLIS DAERAH LIPIS
PENTADBIRAN KERAJAAN NEGERI PAHANG,PIHAK BERKUASA TEMPATAN,MAJLIS DAERAH MARAN
PENTADBIRAN KERAJAAN NEGERI PAHANG,PIHAK BERKUASA TEMPATAN,MAJLIS DAERAH PEKAN
PENTADBIRAN KERAJAAN NEGERI PAHANG,PIHAK BERKUASA TEMPATAN,MAJLIS DAERAH RAUB
PENTADBIRAN KERAJAAN NEGERI PAHANG,PIHAK BERKUASA TEMPATAN,MAJLIS DAERAH ROMPIN
PENTADBIRAN KERAJAAN NEGERI PAHANG,PIHAK BERKUASA TEMPATAN,MAJLIS PERBANDARAN BENTONG
PENTADBIRAN KERAJAAN NEGERI PAHANG,PIHAK BERKUASA TEMPATAN,MAJLIS PERBANDARAN KUANTAN
PENTADBIRAN KERAJAAN NEGERI PAHANG,PIHAK BERKUASA TEMPATAN,MAJLIS PERBANDARAN TEMERLOH
PENTADBIRAN KERAJAAN NEGERI PERAK,PERKHIDMATAN AWAM NEGERI,PENTADBIRAN KERAJAAN NEGERI PERAK
PENTADBIRAN KERAJAAN NEGERI PERAK,PERKHIDMATAN AWAM NEGERI,JABATAN AGAMA ISLAM NEGERI PERAK
PENTADBIRAN KERAJAAN NEGERI PERAK,PERKHIDMATAN AWAM NEGERI,JABATAN KEBAJIKAN MASYARAKAT NEGERI PERAK
PENTADBIRAN KERAJAAN NEGERI PERAK,PERKHIDMATAN AWAM NEGERI,JABATAN KEHAKIMAN SYARIAH PERAK
PENTADBIRAN KERAJAAN NEGERI PERAK,PERKHIDMATAN AWAM NEGERI,JABATAN KERJA RAYA PERAK
PENTADBIRAN KERAJAAN NEGERI PERAK,PERKHIDMATAN AWAM NEGERI,JABATAN MUFTI NEGERI PERAK
PENTADBIRAN KERAJAAN NEGERI PERAK,PERKHIDMATAN AWAM NEGERI,JABATAN PENGAIRAN DAN SALIRAN NEGERI PERAK
PENTADBIRAN KERAJAAN NEGERI PERAK,PERKHIDMATAN AWAM NEGERI,JABATAN PERANCANGAN BANDAR DAN DESA PERAK
PENTADBIRAN KERAJAAN NEGERI PERAK,PERKHIDMATAN AWAM NEGERI,JABATAN PERHUTANAN NEGERI PERAK
PENTADBIRAN KERAJAAN NEGERI PERAK,PERKHIDMATAN AWAM NEGERI,JABATAN PERKHIDMATAN  VETERINAR NEGERI PERAK
PENTADBIRAN KERAJAAN NEGERI PERAK,PERKHIDMATAN AWAM NEGERI,JABATAN PERTANIAN NEGERI PERAK
PENTADBIRAN KERAJAAN NEGERI PERAK,PERKHIDMATAN AWAM NEGERI,PEJABAT DAERAH DAN TANAH KUALA KANGSAR
PENTADBIRAN KERAJAAN NEGERI PERAK,PERKHIDMATAN AWAM NEGERI,PEJABAT KEWANGAN NEGERI PERAK
PENTADBIRAN KERAJAAN NEGERI PERAK,PERKHIDMATAN AWAM NEGERI,PEJABAT TANAH DAN GALIAN NEGERI PERAK
PENTADBIRAN KERAJAAN NEGERI PERAK,PERKHIDMATAN AWAM NEGERI,SURUHANJAYA PERKHIDMATAN AWAM NEGERI PERAK
PENTADBIRAN KERAJAAN NEGERI PERAK,PERKHIDMATAN AWAM NEGERI,PEJABAT DAERAH KECIL KAMPUNG GAJAH
PENTADBIRAN KERAJAAN NEGERI PERAK,BADAN BERKANUN NEGERI,LEMBAGA AIR PERAK
PENTADBIRAN KERAJAAN NEGERI PERAK,BADAN BERKANUN NEGERI,MAJLIS AGAMA ISLAM DAN ADAT MELAYU PERAK (MAIPK)
PENTADBIRAN KERAJAAN NEGERI PERAK,BADAN BERKANUN NEGERI,PERBADANAN KEMAJUAN EKONOMI ISLAM NEGERI PERAK
PENTADBIRAN KERAJAAN NEGERI PERAK,BADAN BERKANUN NEGERI,PERBADANAN KEMAJUAN NEGERI PERAK
PENTADBIRAN KERAJAAN NEGERI PERAK,BADAN BERKANUN NEGERI,PERBADANAN PEMBANGUNAN PERTANIAN NEGERI PERAK
PENTADBIRAN KERAJAAN NEGERI PERAK,BADAN BERKANUN NEGERI,PERBADANAN PERPUSTAKAAN AWAM NEGERI PERAK
PENTADBIRAN KERAJAAN NEGERI PERAK,BADAN BERKANUN NEGERI,PERBADANAN TAMAN NEGERI PERAK
PENTADBIRAN KERAJAAN NEGERI PERAK,BADAN BERKANUN NEGERI,YAYASAN PERAK
PENTADBIRAN KERAJAAN NEGERI PERAK,PIHAK BERKUASA TEMPATAN,MAJLIS BANDARAYA IPOH
PENTADBIRAN KERAJAAN NEGERI PERAK,PIHAK BERKUASA TEMPATAN,MAJLIS DAERAH BATU GAJAH
PENTADBIRAN KERAJAAN NEGERI PERAK,PIHAK BERKUASA TEMPATAN,MAJLIS DAERAH GERIK
PENTADBIRAN KERAJAAN NEGERI PERAK,PIHAK BERKUASA TEMPATAN,MAJLIS DAERAH KAMPAR
PENTADBIRAN KERAJAAN NEGERI PERAK,PIHAK BERKUASA TEMPATAN,MAJLIS DAERAH KERIAN
PENTADBIRAN KERAJAAN NEGERI PERAK,PIHAK BERKUASA TEMPATAN,MAJLIS DAERAH LENGGONG
PENTADBIRAN KERAJAAN NEGERI PERAK,PIHAK BERKUASA TEMPATAN,MAJLIS DAERAH PENGKALAN HULU
PENTADBIRAN KERAJAAN NEGERI PERAK,PIHAK BERKUASA TEMPATAN,MAJLIS DAERAH PERAK TENGAH
PENTADBIRAN KERAJAAN NEGERI PERAK,PIHAK BERKUASA TEMPATAN,MAJLIS DAERAH SELAMA
PENTADBIRAN KERAJAAN NEGERI PERAK,PIHAK BERKUASA TEMPATAN,MAJLIS DAERAH TANJONG MALIM
PENTADBIRAN KERAJAAN NEGERI PERAK,PIHAK BERKUASA TEMPATAN,MAJLIS DAERAH TAPAH
PENTADBIRAN KERAJAAN NEGERI PERAK,PIHAK BERKUASA TEMPATAN,MAJLIS PERBANDARAN KUALA KANGSAR
PENTADBIRAN KERAJAAN NEGERI PERAK,PIHAK BERKUASA TEMPATAN,MAJLIS PERBANDARAN MANJUNG
PENTADBIRAN KERAJAAN NEGERI PERAK,PIHAK BERKUASA TEMPATAN,MAJLIS PERBANDARAN TAIPING
PENTADBIRAN KERAJAAN NEGERI PERAK,PIHAK BERKUASA TEMPATAN,MAJLIS PERBANDARAN TELUK INTAN
PENTADBIRAN KERAJAAN NEGERI PERLIS,PERKHIDMATAN AWAM NEGERI,PENTADBIRAN KERAJAAN NEGERI PERLIS
PENTADBIRAN KERAJAAN NEGERI PERLIS,PERKHIDMATAN AWAM NEGERI,JABATAN HAL EHWAL AGAMA ISLAM NEGERI PERLIS
PENTADBIRAN KERAJAAN NEGERI PERLIS,PERKHIDMATAN AWAM NEGERI,JABATAN KEBAJIKAN MASYARAKAT NEGERI PERLIS
PENTADBIRAN KERAJAAN NEGERI PERLIS,PERKHIDMATAN AWAM NEGERI,JABATAN KEHAKIMAN SYARIAH NEGERI PERLIS
PENTADBIRAN KERAJAAN NEGERI PERLIS,PERKHIDMATAN AWAM NEGERI,JABATAN KERJA RAYA NEGERI PERLIS
PENTADBIRAN KERAJAAN NEGERI PERLIS,PERKHIDMATAN AWAM NEGERI,JABATAN MUFTI NEGERI PERLIS
PENTADBIRAN KERAJAAN NEGERI PERLIS,PERKHIDMATAN AWAM NEGERI,JABATAN PENGAIRAN DAN SALIRAN NEGERI PERLIS
PENTADBIRAN KERAJAAN NEGERI PERLIS,PERKHIDMATAN AWAM NEGERI,JABATAN PERANCANGAN BANDAR DAN DESA NEGERI PERLIS
PENTADBIRAN KERAJAAN NEGERI PERLIS,PERKHIDMATAN AWAM NEGERI,JABATAN PERHUTANAN NEGERI PERLIS
PENTADBIRAN KERAJAAN NEGERI PERLIS,PERKHIDMATAN AWAM NEGERI,JABATAN PERKHIDMATAN VETERINAR NEGERI PERLIS
PENTADBIRAN KERAJAAN NEGERI PERLIS,PERKHIDMATAN AWAM NEGERI,JABATAN PERTANIAN NEGERI PERLIS
PENTADBIRAN KERAJAAN NEGERI PERLIS,PERKHIDMATAN AWAM NEGERI,JABATAN TANAH DAN GALIAN NEGERI PERLIS
PENTADBIRAN KERAJAAN NEGERI PERLIS,PERKHIDMATAN AWAM NEGERI,PEJABAT DYMM TUANKU RAJA PERLIS
PENTADBIRAN KERAJAAN NEGERI PERLIS,PERKHIDMATAN AWAM NEGERI,PEJABAT PERBENDAHARAAN NEGERI PERLIS
PENTADBIRAN KERAJAAN NEGERI PERLIS,BADAN BERKANUN NEGERI,MAJLIS AGAMA ISLAM DAN ADAT ISTIADAT MELAYU PERLIS
PENTADBIRAN KERAJAAN NEGERI PERLIS,BADAN BERKANUN NEGERI,PERBADANAN KEMAJUAN EKONOMI NEGERI PERLIS
PENTADBIRAN KERAJAAN NEGERI PERLIS,BADAN BERKANUN NEGERI,YAYASAN ISLAM PERLIS
PENTADBIRAN KERAJAAN NEGERI PERLIS,PIHAK BERKUASA TEMPATAN,MAJLIS PERBANDARAN KANGAR PERLIS
PENTADBIRAN KERAJAAN NEGERI PULAU PINANG,PERKHIDMATAN AWAM NEGERI,PENTADBIRAN KERAJAAN NEGERI PULAU PINANG
PENTADBIRAN KERAJAAN NEGERI PULAU PINANG,PERKHIDMATAN AWAM NEGERI,JABATAN AGAMA ISLAM PULAU PINANG
PENTADBIRAN KERAJAAN NEGERI PULAU PINANG,PERKHIDMATAN AWAM NEGERI,JABATAN KEBAJIKAN MASYARAKAT NEGERI PULAU PINANG
PENTADBIRAN KERAJAAN NEGERI PULAU PINANG,PERKHIDMATAN AWAM NEGERI,JABATAN KEHAKIMAN SYARIAH NEGERI PULAU PINANG
PENTADBIRAN KERAJAAN NEGERI PULAU PINANG,PERKHIDMATAN AWAM NEGERI,JABATAN KERJA RAYA PULAU PINANG
PENTADBIRAN KERAJAAN NEGERI PULAU PINANG,PERKHIDMATAN AWAM NEGERI,JABATAN KEWANGAN NEGERI PULAU PINANG
PENTADBIRAN KERAJAAN NEGERI PULAU PINANG,PERKHIDMATAN AWAM NEGERI,JABATAN MUFTI NEGERI PULAU PINANG
PENTADBIRAN KERAJAAN NEGERI PULAU PINANG,PERKHIDMATAN AWAM NEGERI,JABATAN PENGAIRAN DAN SALIRAN PULAU PINANG
PENTADBIRAN KERAJAAN NEGERI PULAU PINANG,PERKHIDMATAN AWAM NEGERI,JABATAN PERANCANG BANDAR DAN DESA
PENTADBIRAN KERAJAAN NEGERI PULAU PINANG,PERKHIDMATAN AWAM NEGERI,JABATAN PERHUTANAN NEGERI PULAU PINANG
PENTADBIRAN KERAJAAN NEGERI PULAU PINANG,PERKHIDMATAN AWAM NEGERI,JABATAN PERKHIDMATAN VETERINAR NEGERI PULAU PINANG
PENTADBIRAN KERAJAAN NEGERI PULAU PINANG,PERKHIDMATAN AWAM NEGERI,JABATAN PERTANIAN NEGERI PULAU PINANG
PENTADBIRAN KERAJAAN NEGERI PULAU PINANG,PERKHIDMATAN AWAM NEGERI,JABATAN TAMAN BOTANI NEGERI PULAU PINANG
PENTADBIRAN KERAJAAN NEGERI PULAU PINANG,PERKHIDMATAN AWAM NEGERI,"PEJABAT DAERAH DAN TANAH, SEBERANG PERAI TENGAH"
PENTADBIRAN KERAJAAN NEGERI PULAU PINANG,PERKHIDMATAN AWAM NEGERI,PEJABAT PENGARAH TANAH DAN GALIAN PULAU PINANG
PENTADBIRAN KERAJAAN NEGERI PULAU PINANG,PERKHIDMATAN AWAM NEGERI,PEJABAT TUAN YANG TERUTAMA YANG DIPERTUA NEGERI PULAU PINANG
PENTADBIRAN KERAJAAN NEGERI PULAU PINANG,BADAN BERKANUN NEGERI,LEMBAGA MUZIUM PULAU PINANG
PENTADBIRAN KERAJAAN NEGERI PULAU PINANG,BADAN BERKANUN NEGERI,MAJLIS AGAMA ISLAM NEGERI PULAU PINANG
PENTADBIRAN KERAJAAN NEGERI PULAU PINANG,BADAN BERKANUN NEGERI,PERBADANAN BUKIT BENDERA PULAU PINANG
PENTADBIRAN KERAJAAN NEGERI PULAU PINANG,BADAN BERKANUN NEGERI,PERBADANAN PEMBANGUNAN PULAU PINANG
PENTADBIRAN KERAJAAN NEGERI PULAU PINANG,BADAN BERKANUN NEGERI,PERBADANAN PERPUSTAKAAN AWAM PULAU PINANG
PENTADBIRAN KERAJAAN NEGERI PULAU PINANG,PIHAK BERKUASA TEMPATAN,MAJLIS PERBANDARAN PULAU PINANG
PENTADBIRAN KERAJAAN NEGERI PULAU PINANG,PIHAK BERKUASA TEMPATAN,MAJLIS PERBANDARAN SEBERANG PERAI
PENTADBIRAN KERAJAAN NEGERI SABAH,PERKHIDMATAN AWAM NEGERI,PENTADBIRAN KERAJAAN NEGERI SABAH
PENTADBIRAN KERAJAAN NEGERI SABAH,PERKHIDMATAN AWAM NEGERI,DEWAN UNDANGAN NEGERI SABAH
PENTADBIRAN KERAJAAN NEGERI SABAH,PERKHIDMATAN AWAM NEGERI,KEMENTERIAN BELIA DAN SUKAN SABAH
PENTADBIRAN KERAJAAN NEGERI SABAH,PERKHIDMATAN AWAM NEGERI,KEMENTERIAN KERAJAAN TEMPATAN DAN PERUMAHAN
PENTADBIRAN KERAJAAN NEGERI SABAH,PERKHIDMATAN AWAM NEGERI,KEMENTERIAN KEWANGAN SABAH
PENTADBIRAN KERAJAAN NEGERI SABAH,PERKHIDMATAN AWAM NEGERI,"KEMENTERIAN PELANCONGAN, KEBUDAYAAN DAN ALAM SEKITAR"
PENTADBIRAN KERAJAAN NEGERI SABAH,PERKHIDMATAN AWAM NEGERI,KEMENTERIAN PEMBANGUNAN INFRASTRUKTUR
PENTADBIRAN KERAJAAN NEGERI SABAH,PERKHIDMATAN AWAM NEGERI,KEMENTERIAN PEMBANGUNAN LUAR BANDAR SABAH
PENTADBIRAN KERAJAAN NEGERI SABAH,PERKHIDMATAN AWAM NEGERI,KEMENTERIAN PEMBANGUNAN MASYARAKAT & HAL EHWAL PENGGUNA
PENTADBIRAN KERAJAAN NEGERI SABAH,PERKHIDMATAN AWAM NEGERI,KEMENTERIAN PEMBANGUNAN PERINDUSTRIAN
PENTADBIRAN KERAJAAN NEGERI SABAH,PERKHIDMATAN AWAM NEGERI,KEMENTERIAN PEMBANGUNAN SUMBER DAN KEMAJUAN TEKNOLOGI MAKLUMAT
PENTADBIRAN KERAJAAN NEGERI SABAH,PERKHIDMATAN AWAM NEGERI,SURUHANJAYA PERKHIDMATAN AWAM NEGERI SABAH
PENTADBIRAN KERAJAAN NEGERI SABAH,PERKHIDMATAN AWAM NEGERI,JABATAN AIR NEGERI SABAH
PENTADBIRAN KERAJAAN NEGERI SABAH,PERKHIDMATAN AWAM NEGERI,JABATAN ARKIB NEGERI SABAH
PENTADBIRAN KERAJAAN NEGERI SABAH,PERKHIDMATAN AWAM NEGERI,JABATAN BENDAHARI NEGERI SABAH
PENTADBIRAN KERAJAAN NEGERI SABAH,PERKHIDMATAN AWAM NEGERI,JABATAN CETAK KERAJAAN
PENTADBIRAN KERAJAAN NEGERI SABAH,PERKHIDMATAN AWAM NEGERI,JABATAN HAL EHWAL AGAMA ISLAM NEGERI SABAH
PENTADBIRAN KERAJAAN NEGERI SABAH,PERKHIDMATAN AWAM NEGERI,JABATAN HIDUPAN LIAR
PENTADBIRAN KERAJAAN NEGERI SABAH,PERKHIDMATAN AWAM NEGERI,JABATAN KERETAPI NEGERI SABAH
PENTADBIRAN KERAJAAN NEGERI SABAH,PERKHIDMATAN AWAM NEGERI,JABATAN KERJA RAYA SABAH
PENTADBIRAN KERAJAAN NEGERI SABAH,PERKHIDMATAN AWAM NEGERI,JABATAN MUZIUM NEGERI SABAH
PENTADBIRAN KERAJAAN NEGERI SABAH,PERKHIDMATAN AWAM NEGERI,JABATAN PEGUAM BESAR NEGERI
PENTADBIRAN KERAJAAN NEGERI SABAH,PERKHIDMATAN AWAM NEGERI,JABATAN PELABUHAN DAN DERMAGA SABAH
PENTADBIRAN KERAJAAN NEGERI SABAH,PERKHIDMATAN AWAM NEGERI,JABATAN PEMBANGUNAN PERINDUSTRIAN DAN PENYELIDIKAN
PENTADBIRAN KERAJAAN NEGERI SABAH,PERKHIDMATAN AWAM NEGERI,JABATAN PEMBANGUNAN SUMBER MANUSIA
PENTADBIRAN KERAJAAN NEGERI SABAH,PERKHIDMATAN AWAM NEGERI,JABATAN PENGAIRAN DAN SALIRAN SABAH
PENTADBIRAN KERAJAAN NEGERI SABAH,PERKHIDMATAN AWAM NEGERI,JABATAN PERHUTANAN SABAH
PENTADBIRAN KERAJAAN NEGERI SABAH,PERKHIDMATAN AWAM NEGERI,JABATAN PERIKANAN
PENTADBIRAN KERAJAAN NEGERI SABAH,PERKHIDMATAN AWAM NEGERI,JABATAN PERKHIDMATAN AWAM NEGERI
PENTADBIRAN KERAJAAN NEGERI SABAH,PERKHIDMATAN AWAM NEGERI,JABATAN PERKHIDMATAN HAIWAN DAN PERUSAHAAN TERNAK SABAH
PENTADBIRAN KERAJAAN NEGERI SABAH,PERKHIDMATAN AWAM NEGERI,JABATAN PERKHIDMATAN KOMPUTER NEGERI
PENTADBIRAN KERAJAAN NEGERI SABAH,PERKHIDMATAN AWAM NEGERI,JABATAN PERLINDUNGAN ALAM SEKITAR
PENTADBIRAN KERAJAAN NEGERI SABAH,PERKHIDMATAN AWAM NEGERI,JABATAN PERTANIAN
PENTADBIRAN KERAJAAN NEGERI SABAH,PERKHIDMATAN AWAM NEGERI,JABATAN TANAH DAN UKUR SABAH
PENTADBIRAN KERAJAAN NEGERI SABAH,PERKHIDMATAN AWAM NEGERI,PEJABAT DAERAH BEAUFORT
PENTADBIRAN KERAJAAN NEGERI SABAH,PERKHIDMATAN AWAM NEGERI,PEJABAT PERHUBUNGAN NEGERI
PENTADBIRAN KERAJAAN NEGERI SABAH,BADAN BERKANUN NEGERI,KORPORASI KEMAJUAN PERIKANAN DAN NELAYAN SABAH (KO-NELAYAN)
PENTADBIRAN KERAJAAN NEGERI SABAH,BADAN BERKANUN NEGERI,KORPORASI PEMBANGUNAN DESA (KPD)
PENTADBIRAN KERAJAAN NEGERI SABAH,BADAN BERKANUN NEGERI,LEMBAGA INDUSTRI GETAH SABAH
PENTADBIRAN KERAJAAN NEGERI SABAH,BADAN BERKANUN NEGERI,LEMBAGA KEBUDAYAAN SABAH
PENTADBIRAN KERAJAAN NEGERI SABAH,BADAN BERKANUN NEGERI,LEMBAGA KEMAJUAN PERHUTANAN NEGERI SABAH (SAFODA)
PENTADBIRAN KERAJAAN NEGERI SABAH,BADAN BERKANUN NEGERI,LEMBAGA PELABUHAN-PELABUHAN SABAH
PENTADBIRAN KERAJAAN NEGERI SABAH,BADAN BERKANUN NEGERI,LEMBAGA PELANCONGAN SABAH
PENTADBIRAN KERAJAAN NEGERI SABAH,BADAN BERKANUN NEGERI,LEMBAGA PEMBANGUNAN PERUMAHAN DAN BANDAR SABAH
PENTADBIRAN KERAJAAN NEGERI SABAH,BADAN BERKANUN NEGERI,LEMBAGA PEMEGANG AMANAH TAMAN-TAMAN SABAH
PENTADBIRAN KERAJAAN NEGERI SABAH,BADAN BERKANUN NEGERI,LEMBAGA SUKAN NEGERI SABAH
PENTADBIRAN KERAJAAN NEGERI SABAH,BADAN BERKANUN NEGERI,MAJLIS UGAMA ISLAM SABAH (MUIS)
PENTADBIRAN KERAJAAN NEGERI SABAH,BADAN BERKANUN NEGERI,PERBADANAN PEMBANGUNAN EKONOMI SABAH (SEDCO)
PENTADBIRAN KERAJAAN NEGERI SABAH,BADAN BERKANUN NEGERI,PERBADANAN PINJAMAN SABAH
PENTADBIRAN KERAJAAN NEGERI SABAH,BADAN BERKANUN NEGERI,PERPUSTAKAAN NEGERI SABAH
PENTADBIRAN KERAJAAN NEGERI SABAH,PIHAK BERKUASA TEMPATAN,DEWAN BANDARAYA KOTA KINABALU (DBKK)
PENTADBIRAN KERAJAAN NEGERI SABAH,PIHAK BERKUASA TEMPATAN,LEMBAGA PERBANDARAN KUDAT
PENTADBIRAN KERAJAAN NEGERI SABAH,PIHAK BERKUASA TEMPATAN,MAJLIS DAERAH  BELURAN
PENTADBIRAN KERAJAAN NEGERI SABAH,PIHAK BERKUASA TEMPATAN,MAJLIS DAERAH BEAUFORT
PENTADBIRAN KERAJAAN NEGERI SABAH,PIHAK BERKUASA TEMPATAN,MAJLIS DAERAH KENINGAU
PENTADBIRAN KERAJAAN NEGERI SABAH,PIHAK BERKUASA TEMPATAN,MAJLIS DAERAH KINABATANGAN
PENTADBIRAN KERAJAAN NEGERI SABAH,PIHAK BERKUASA TEMPATAN,MAJLIS DAERAH KOTA BELUD
PENTADBIRAN KERAJAAN NEGERI SABAH,PIHAK BERKUASA TEMPATAN,MAJLIS DAERAH KOTA MARUDU/PITAS
PENTADBIRAN KERAJAAN NEGERI SABAH,PIHAK BERKUASA TEMPATAN,MAJLIS DAERAH KUALA PENYU
PENTADBIRAN KERAJAAN NEGERI SABAH,PIHAK BERKUASA TEMPATAN,MAJLIS DAERAH KUNAK
PENTADBIRAN KERAJAAN NEGERI SABAH,PIHAK BERKUASA TEMPATAN,MAJLIS DAERAH LAHAD DATU
PENTADBIRAN KERAJAAN NEGERI SABAH,PIHAK BERKUASA TEMPATAN,MAJLIS DAERAH NABAWAN
PENTADBIRAN KERAJAAN NEGERI SABAH,PIHAK BERKUASA TEMPATAN,MAJLIS DAERAH PAPAR
PENTADBIRAN KERAJAAN NEGERI SABAH,PIHAK BERKUASA TEMPATAN,MAJLIS DAERAH PENAMPANG
PENTADBIRAN KERAJAAN NEGERI SABAH,PIHAK BERKUASA TEMPATAN,MAJLIS DAERAH RANAU
PENTADBIRAN KERAJAAN NEGERI SABAH,PIHAK BERKUASA TEMPATAN,MAJLIS DAERAH SEMPORNA
PENTADBIRAN KERAJAAN NEGERI SABAH,PIHAK BERKUASA TEMPATAN,MAJLIS DAERAH SIPITANG
PENTADBIRAN KERAJAAN NEGERI SABAH,PIHAK BERKUASA TEMPATAN,MAJLIS DAERAH TAMBUNAN
PENTADBIRAN KERAJAAN NEGERI SABAH,PIHAK BERKUASA TEMPATAN,MAJLIS DAERAH TENOM
PENTADBIRAN KERAJAAN NEGERI SABAH,PIHAK BERKUASA TEMPATAN,MAJLIS DAERAH TUARAN
PENTADBIRAN KERAJAAN NEGERI SABAH,PIHAK BERKUASA TEMPATAN,MAJLIS PERBANDARAN SANDAKAN
PENTADBIRAN KERAJAAN NEGERI SABAH,PIHAK BERKUASA TEMPATAN,MAJLIS PERBANDARAN TAWAU
PENTADBIRAN KERAJAAN NEGERI SARAWAK,PERKHIDMATAN AWAM NEGERI,PENTADBIRAN KERAJAAN NEGERI SARAWAK
PENTADBIRAN KERAJAAN NEGERI SARAWAK,PERKHIDMATAN AWAM NEGERI,DEWAN UNDANGAN NEGERI SARAWAK
PENTADBIRAN KERAJAAN NEGERI SARAWAK,PERKHIDMATAN AWAM NEGERI,JABATAN AGAMA ISLAM SARAWAK
PENTADBIRAN KERAJAAN NEGERI SARAWAK,PERKHIDMATAN AWAM NEGERI,JABATAN KEHAKIMAN SYARIAH NEGERI SARAWAK
PENTADBIRAN KERAJAAN NEGERI SARAWAK,PERKHIDMATAN AWAM NEGERI,JABATAN UNDANG-UNDANG NEGERI SARAWAK
PENTADBIRAN KERAJAAN NEGERI SARAWAK,PERKHIDMATAN AWAM NEGERI,KEMENTERIAN KEMAJUAN TANAH
PENTADBIRAN KERAJAAN NEGERI SARAWAK,PERKHIDMATAN AWAM NEGERI,KEMENTERIAN KEMUDAHAN AWAM
PENTADBIRAN KERAJAAN NEGERI SARAWAK,PERKHIDMATAN AWAM NEGERI,KEMENTERIAN KEWANGAN
PENTADBIRAN KERAJAAN NEGERI SARAWAK,PERKHIDMATAN AWAM NEGERI,KEMENTERIAN PELANCONGAN
PENTADBIRAN KERAJAAN NEGERI SARAWAK,PERKHIDMATAN AWAM NEGERI,KEMENTERIAN PEMBANGUNAN INFRASTRUKTUR DAN PERHUBUNGAN
PENTADBIRAN KERAJAAN NEGERI SARAWAK,PERKHIDMATAN AWAM NEGERI,KEMENTERIAN PEMBANGUNAN LUAR BANDAR
PENTADBIRAN KERAJAAN NEGERI SARAWAK,PERKHIDMATAN AWAM NEGERI,KEMENTERIAN PEMBANGUNAN PERINDUSTRIAN
PENTADBIRAN KERAJAAN NEGERI SARAWAK,PERKHIDMATAN AWAM NEGERI,KEMENTERIAN PEMBANGUNAN SOSIAL
PENTADBIRAN KERAJAAN NEGERI SARAWAK,PERKHIDMATAN AWAM NEGERI,KEMENTERIAN PEMODENAN PERTANIAN
PENTADBIRAN KERAJAAN NEGERI SARAWAK,PERKHIDMATAN AWAM NEGERI,KEMENTERIAN PERANCANGAN SUMBER DAN ALAM SEKITAR
PENTADBIRAN KERAJAAN NEGERI SARAWAK,PERKHIDMATAN AWAM NEGERI,KEMENTERIAN PERUMAHAN
PENTADBIRAN KERAJAAN NEGERI SARAWAK,PERKHIDMATAN AWAM NEGERI,PEJABAT YANG DIPERTUA NEGERI SARAWAK(TYT)
PENTADBIRAN KERAJAAN NEGERI SARAWAK,PERKHIDMATAN AWAM NEGERI,PENTADBIRAN BAHAGIAN KUCHING
PENTADBIRAN KERAJAAN NEGERI SARAWAK,PERKHIDMATAN AWAM NEGERI,SURUHANJAYA PERKHIDMATAN AWAM NEGERI
PENTADBIRAN KERAJAAN NEGERI SARAWAK,PERKHIDMATAN AWAM NEGERI,JABATAN KEBAJIKAN MASYARAKAT SARAWAK
PENTADBIRAN KERAJAAN NEGERI SARAWAK,PERKHIDMATAN AWAM NEGERI,JABATAN KERJA RAYA SARAWAK
PENTADBIRAN KERAJAAN NEGERI SARAWAK,PERKHIDMATAN AWAM NEGERI,JABATAN MUZIUM SARAWAK
PENTADBIRAN KERAJAAN NEGERI SARAWAK,PERKHIDMATAN AWAM NEGERI,JABATAN PENGAIRAN DAN SALIRAN
PENTADBIRAN KERAJAAN NEGERI SARAWAK,PERKHIDMATAN AWAM NEGERI,JABATAN PERHUTANAN SARAWAK
PENTADBIRAN KERAJAAN NEGERI SARAWAK,PERKHIDMATAN AWAM NEGERI,JABATAN PERTANIAN
PENTADBIRAN KERAJAAN NEGERI SARAWAK,PERKHIDMATAN AWAM NEGERI,JABATAN TANAH DAN SURVEI SARAWAK
PENTADBIRAN KERAJAAN NEGERI SARAWAK,PERKHIDMATAN AWAM NEGERI,PERBENDAHARAAN NEGERI
PENTADBIRAN KERAJAAN NEGERI SARAWAK,BADAN BERKANUN NEGERI,DEWAN BANDARAYA KUCHING UTARA (DBKU)
PENTADBIRAN KERAJAAN NEGERI SARAWAK,BADAN BERKANUN NEGERI,LEMBAGA AIR KUCHING SARAWAK
PENTADBIRAN KERAJAAN NEGERI SARAWAK,BADAN BERKANUN NEGERI,LEMBAGA AIR SIBU SARAWAK
PENTADBIRAN KERAJAAN NEGERI SARAWAK,BADAN BERKANUN NEGERI,LEMBAGA KEMAJUAN BINTULU SARAWAK
PENTADBIRAN KERAJAAN NEGERI SARAWAK,BADAN BERKANUN NEGERI,LEMBAGA PELABUHAN KUCHING SARAWAK
PENTADBIRAN KERAJAAN NEGERI SARAWAK,BADAN BERKANUN NEGERI,LEMBAGA PELABUHAN MIRI SARAWAK
PENTADBIRAN KERAJAAN NEGERI SARAWAK,BADAN BERKANUN NEGERI,LEMBAGA PELABUHAN RAJANG SARAWAK
PENTADBIRAN KERAJAAN NEGERI SARAWAK,BADAN BERKANUN NEGERI,LEMBAGA PELANCONGAN SARAWAK
PENTADBIRAN KERAJAAN NEGERI SARAWAK,BADAN BERKANUN NEGERI,LEMBAGA PEMBANGUNAN DAN LINDUNGAN TANAH SARAWAK
PENTADBIRAN KERAJAAN NEGERI SARAWAK,BADAN BERKANUN NEGERI,LEMBAGA PENYATUAN DAN PEMULIHAN TANAH SARAWAK (SALCRA)
PENTADBIRAN KERAJAAN NEGERI SARAWAK,BADAN BERKANUN NEGERI,LEMBAGA SUMBER ASLI DAN ALAM SEKITAR SARAWAK (NREB)
PENTADBIRAN KERAJAAN NEGERI SARAWAK,BADAN BERKANUN NEGERI,LEMBAGA SUNGAI-SUNGAI SARAWAK
PENTADBIRAN KERAJAAN NEGERI SARAWAK,BADAN BERKANUN NEGERI,PERBADANAN KEMAJUAN PERUSAHAAN KAYU SARAWAK
PENTADBIRAN KERAJAAN NEGERI SARAWAK,BADAN BERKANUN NEGERI,PERBADANAN PEMBANGUNAN EKONOMI SARAWAK (SEDC)
PENTADBIRAN KERAJAAN NEGERI SARAWAK,BADAN BERKANUN NEGERI,PERBADANAN PEMBANGUNAN PERUMAHAN
PENTADBIRAN KERAJAAN NEGERI SARAWAK,BADAN BERKANUN NEGERI,PERBADANAN STADIUM NEGERI SARAWAK
PENTADBIRAN KERAJAAN NEGERI SARAWAK,BADAN BERKANUN NEGERI,PERBADANAN URUSAN KEJURUTERAAN DAN LIMBUNGAN BROOKE
PENTADBIRAN KERAJAAN NEGERI SARAWAK,BADAN BERKANUN NEGERI,PUSAT KEPELBAGAIAN BIOLOGI SARAWAK
PENTADBIRAN KERAJAAN NEGERI SARAWAK,BADAN BERKANUN NEGERI,PUSTAKA NEGERI SARAWAK
PENTADBIRAN KERAJAAN NEGERI SARAWAK,BADAN BERKANUN NEGERI,YAYASAN SARAWAK
PENTADBIRAN KERAJAAN NEGERI SARAWAK,PIHAK BERKUASA TEMPATAN,MAJLIS BANDARAYA KUCHING SELATAN
PENTADBIRAN KERAJAAN NEGERI SARAWAK,PIHAK BERKUASA TEMPATAN,MAJLIS BANDARAYA MIRI
PENTADBIRAN KERAJAAN NEGERI SARAWAK,PIHAK BERKUASA TEMPATAN,MAJLIS DAERAH BAU
PENTADBIRAN KERAJAAN NEGERI SARAWAK,PIHAK BERKUASA TEMPATAN,MAJLIS DAERAH BETONG
PENTADBIRAN KERAJAAN NEGERI SARAWAK,PIHAK BERKUASA TEMPATAN,MAJLIS DAERAH DALAT DAN MUKAH
PENTADBIRAN KERAJAAN NEGERI SARAWAK,PIHAK BERKUASA TEMPATAN,MAJLIS DAERAH KANOWIT
PENTADBIRAN KERAJAAN NEGERI SARAWAK,PIHAK BERKUASA TEMPATAN,MAJLIS DAERAH KAPIT
PENTADBIRAN KERAJAAN NEGERI SARAWAK,PIHAK BERKUASA TEMPATAN,MAJLIS DAERAH LAWAS
PENTADBIRAN KERAJAAN NEGERI SARAWAK,PIHAK BERKUASA TEMPATAN,MAJLIS DAERAH LIMBANG
PENTADBIRAN KERAJAAN NEGERI SARAWAK,PIHAK BERKUASA TEMPATAN,MAJLIS DAERAH LUAR BANDAR SIBU
PENTADBIRAN KERAJAAN NEGERI SARAWAK,PIHAK BERKUASA TEMPATAN,MAJLIS DAERAH LUBOK ANTU (ENGKILILI)
PENTADBIRAN KERAJAAN NEGERI SARAWAK,PIHAK BERKUASA TEMPATAN,MAJLIS DAERAH LUNDU
PENTADBIRAN KERAJAAN NEGERI SARAWAK,PIHAK BERKUASA TEMPATAN,MAJLIS DAERAH MARADONG DAN JULAU (BINTANGOR)
PENTADBIRAN KERAJAAN NEGERI SARAWAK,PIHAK BERKUASA TEMPATAN,MAJLIS DAERAH MARUDI (BARAM)
PENTADBIRAN KERAJAAN NEGERI SARAWAK,PIHAK BERKUASA TEMPATAN,MAJLIS DAERAH MATU DAN DARO
PENTADBIRAN KERAJAAN NEGERI SARAWAK,PIHAK BERKUASA TEMPATAN,MAJLIS DAERAH SAMARAHAN
PENTADBIRAN KERAJAAN NEGERI SARAWAK,PIHAK BERKUASA TEMPATAN,MAJLIS DAERAH SARATOK (KALAKA)
PENTADBIRAN KERAJAAN NEGERI SARAWAK,PIHAK BERKUASA TEMPATAN,MAJLIS DAERAH SARIKEI
PENTADBIRAN KERAJAAN NEGERI SARAWAK,PIHAK BERKUASA TEMPATAN,MAJLIS DAERAH SERIAN
PENTADBIRAN KERAJAAN NEGERI SARAWAK,PIHAK BERKUASA TEMPATAN,MAJLIS DAERAH SIMUNJAN
PENTADBIRAN KERAJAAN NEGERI SARAWAK,PIHAK BERKUASA TEMPATAN,MAJLIS DAERAH SRI AMAN
PENTADBIRAN KERAJAAN NEGERI SARAWAK,PIHAK BERKUASA TEMPATAN,MAJLIS DAERAH SUBIS
PENTADBIRAN KERAJAAN NEGERI SARAWAK,PIHAK BERKUASA TEMPATAN,MAJLIS PERBANDARAN PADAWAN
PENTADBIRAN KERAJAAN NEGERI SARAWAK,PIHAK BERKUASA TEMPATAN,MAJLIS PERBANDARAN SIBU
PENTADBIRAN KERAJAAN NEGERI SELANGOR,PERKHIDMATAN AWAM NEGERI,PENTADBIRAN KERAJAAN NEGERI SELANGOR
PENTADBIRAN KERAJAAN NEGERI SELANGOR,PERKHIDMATAN AWAM NEGERI,JABATAN AGAMA ISLAM SELANGOR
PENTADBIRAN KERAJAAN NEGERI SELANGOR,PERKHIDMATAN AWAM NEGERI,JABATAN KEBAJIKAN MASYARAKAT NEGERI SELANGOR
PENTADBIRAN KERAJAAN NEGERI SELANGOR,PERKHIDMATAN AWAM NEGERI,JABATAN KEHAKIMAN SYARIAH NEGERI SELANGOR
PENTADBIRAN KERAJAAN NEGERI SELANGOR,PERKHIDMATAN AWAM NEGERI,JABATAN KERJA RAYA NEGERI SELANGOR
PENTADBIRAN KERAJAAN NEGERI SELANGOR,PERKHIDMATAN AWAM NEGERI,JABATAN MUFTI NEGERI SELANGOR
PENTADBIRAN KERAJAAN NEGERI SELANGOR,PERKHIDMATAN AWAM NEGERI,JABATAN PENGAIRAN DAN SALIRAN NEGERI SELANGOR
PENTADBIRAN KERAJAAN NEGERI SELANGOR,PERKHIDMATAN AWAM NEGERI,JABATAN PERANCANGAN BANDAR DAN DESA NEGERI SELANGOR
PENTADBIRAN KERAJAAN NEGERI SELANGOR,PERKHIDMATAN AWAM NEGERI,JABATAN PERHUTANAN NEGERI SELANGOR
PENTADBIRAN KERAJAAN NEGERI SELANGOR,PERKHIDMATAN AWAM NEGERI,JABATAN PERKHIDMATAN VETERINAR NEGERI SELANGOR
PENTADBIRAN KERAJAAN NEGERI SELANGOR,PERKHIDMATAN AWAM NEGERI,JABATAN PERTANIAN NEGERI SELANGOR
PENTADBIRAN KERAJAAN NEGERI SELANGOR,PERKHIDMATAN AWAM NEGERI,PEJABAT DAERAH DAN TANAH KLANG
PENTADBIRAN KERAJAAN NEGERI SELANGOR,PERKHIDMATAN AWAM NEGERI,PEJABAT DYMM SULTAN SELANGOR
PENTADBIRAN KERAJAAN NEGERI SELANGOR,PERKHIDMATAN AWAM NEGERI,PEJABAT TANAH DAN GALIAN NEGERI SELANGOR
PENTADBIRAN KERAJAAN NEGERI SELANGOR,PERKHIDMATAN AWAM NEGERI,PERBENDAHARAAN NEGERI SELANGOR
PENTADBIRAN KERAJAAN NEGERI SELANGOR,PERKHIDMATAN AWAM NEGERI,SURUHANJAYA PERKHIDMATAN AWAM NEGERI SELANGOR
PENTADBIRAN KERAJAAN NEGERI SELANGOR,BADAN BERKANUN NEGERI,LEMBAGA PERUMAHAN DAN HARTANAH SELANGOR
PENTADBIRAN KERAJAAN NEGERI SELANGOR,BADAN BERKANUN NEGERI,LEMBAGA URUS AIR SELANGOR
PENTADBIRAN KERAJAAN NEGERI SELANGOR,BADAN BERKANUN NEGERI,PERBADANAN ADAT MELAYU DAN WARISAN NEGERI SELANGOR
PENTADBIRAN KERAJAAN NEGERI SELANGOR,BADAN BERKANUN NEGERI,PERBADANAN KEMAJUAN NEGERI SELANGOR (PKNS)
PENTADBIRAN KERAJAAN NEGERI SELANGOR,BADAN BERKANUN NEGERI,PERBADANAN KEMAJUAN PERTANIAN SELANGOR
PENTADBIRAN KERAJAAN NEGERI SELANGOR,BADAN BERKANUN NEGERI,PERBADANAN PERPUSTAKAAN AWAM SELANGOR
PENTADBIRAN KERAJAAN NEGERI SELANGOR,PIHAK BERKUASA TEMPATAN,MAJLIS BANDARAYA PETALING JAYA
PENTADBIRAN KERAJAAN NEGERI SELANGOR,PIHAK BERKUASA TEMPATAN,MAJLIS BANDARAYA SHAH ALAM
PENTADBIRAN KERAJAAN NEGERI SELANGOR,PIHAK BERKUASA TEMPATAN,MAJLIS DAERAH HULU SELANGOR
PENTADBIRAN KERAJAAN NEGERI SELANGOR,PIHAK BERKUASA TEMPATAN,MAJLIS DAERAH KUALA LANGAT
PENTADBIRAN KERAJAAN NEGERI SELANGOR,PIHAK BERKUASA TEMPATAN,MAJLIS DAERAH KUALA SELANGOR
PENTADBIRAN KERAJAAN NEGERI SELANGOR,PIHAK BERKUASA TEMPATAN,MAJLIS DAERAH SABAK BERNAM
PENTADBIRAN KERAJAAN NEGERI SELANGOR,PIHAK BERKUASA TEMPATAN,MAJLIS PERBANDARAN AMPANG JAYA
PENTADBIRAN KERAJAAN NEGERI SELANGOR,PIHAK BERKUASA TEMPATAN,MAJLIS PERBANDARAN KAJANG
PENTADBIRAN KERAJAAN NEGERI SELANGOR,PIHAK BERKUASA TEMPATAN,MAJLIS PERBANDARAN KLANG
PENTADBIRAN KERAJAAN NEGERI SELANGOR,PIHAK BERKUASA TEMPATAN,MAJLIS PERBANDARAN SELAYANG
PENTADBIRAN KERAJAAN NEGERI SELANGOR,PIHAK BERKUASA TEMPATAN,MAJLIS PERBANDARAN SEPANG
PENTADBIRAN KERAJAAN NEGERI SELANGOR,PIHAK BERKUASA TEMPATAN,MAJLIS PERBANDARAN SUBANG JAYA
PENTADBIRAN KERAJAAN NEGERI SEMBILAN,PERKHIDMATAN AWAM NEGERI,PENTADBIRAN KERAJAAN NEGERI SEMBILAN
PENTADBIRAN KERAJAAN NEGERI SEMBILAN,PERKHIDMATAN AWAM NEGERI,JABATAN HAL EHWAL AGAMA ISLAM NEGERI SEMBILAN
PENTADBIRAN KERAJAAN NEGERI SEMBILAN,PERKHIDMATAN AWAM NEGERI,JABATAN KEBAJIKAN MASYARAKAT NEGERI SEMBILAN
PENTADBIRAN KERAJAAN NEGERI SEMBILAN,PERKHIDMATAN AWAM NEGERI,JABATAN KEHAKIMAN SYARIAH
PENTADBIRAN KERAJAAN NEGERI SEMBILAN,PERKHIDMATAN AWAM NEGERI,JABATAN KERJA RAYA NEGERI SEMBILAN
PENTADBIRAN KERAJAAN NEGERI SEMBILAN,PERKHIDMATAN AWAM NEGERI,JABATAN MUFTI KERAJAAN NEGERI SEMBILAN
PENTADBIRAN KERAJAAN NEGERI SEMBILAN,PERKHIDMATAN AWAM NEGERI,JABATAN PENGAIRAN DAN SALIRAN NEGERI SEMBILAN
PENTADBIRAN KERAJAAN NEGERI SEMBILAN,PERKHIDMATAN AWAM NEGERI,JABATAN PERANCANGAN BANDAR DAN DESA NEGERI SEMBILAN
PENTADBIRAN KERAJAAN NEGERI SEMBILAN,PERKHIDMATAN AWAM NEGERI,JABATAN PERHUTANAN NEGERI SEMBILAN
PENTADBIRAN KERAJAAN NEGERI SEMBILAN,PERKHIDMATAN AWAM NEGERI,JABATAN PERKHIDMATAN  VETERINAR NEGERI SEMBILAN
PENTADBIRAN KERAJAAN NEGERI SEMBILAN,PERKHIDMATAN AWAM NEGERI,JABATAN PERTANIAN NEGERI SEMBILAN
PENTADBIRAN KERAJAAN NEGERI SEMBILAN,PERKHIDMATAN AWAM NEGERI,PEJABAT DAERAH DAN TANAH SEREMBAN
PENTADBIRAN KERAJAAN NEGERI SEMBILAN,PERKHIDMATAN AWAM NEGERI,PEJABAT DYMM YANG DI-PERTUAN BESAR NEGERI SEMBILAN DAN PEJABAT UNDANG
PENTADBIRAN KERAJAAN NEGERI SEMBILAN,PERKHIDMATAN AWAM NEGERI,PEJABAT KEWANGAN NEGERI
PENTADBIRAN KERAJAAN NEGERI SEMBILAN,PERKHIDMATAN AWAM NEGERI,"PEJABAT PENGARAH TANAH DAN GALIAN, NEGERI SEMBILAN"
PENTADBIRAN KERAJAAN NEGERI SEMBILAN,BADAN BERKANUN NEGERI,LEMBAGA MUZIUM NEGERI SEMBILAN
PENTADBIRAN KERAJAAN NEGERI SEMBILAN,BADAN BERKANUN NEGERI,MAJLIS AGAMA ISLAM NEGERI SEMBILAN
PENTADBIRAN KERAJAAN NEGERI SEMBILAN,BADAN BERKANUN NEGERI,"PERBADANAN KEMAJUAN NEGERI, NEGERI SEMBILAN"
PENTADBIRAN KERAJAAN NEGERI SEMBILAN,BADAN BERKANUN NEGERI,PERBADANAN PERPUSTAKAAN AWAM N. SEMBILAN DARUL KHUSUS
PENTADBIRAN KERAJAAN NEGERI SEMBILAN,BADAN BERKANUN NEGERI,YAYASAN NEGERI SEMBILAN
PENTADBIRAN KERAJAAN NEGERI SEMBILAN,PIHAK BERKUASA TEMPATAN,MAJLIS DAERAH JELEBU
PENTADBIRAN KERAJAAN NEGERI SEMBILAN,PIHAK BERKUASA TEMPATAN,MAJLIS DAERAH JEMPOL
PENTADBIRAN KERAJAAN NEGERI SEMBILAN,PIHAK BERKUASA TEMPATAN,MAJLIS DAERAH KUALA PILAH
PENTADBIRAN KERAJAAN NEGERI SEMBILAN,PIHAK BERKUASA TEMPATAN,MAJLIS DAERAH REMBAU
PENTADBIRAN KERAJAAN NEGERI SEMBILAN,PIHAK BERKUASA TEMPATAN,MAJLIS DAERAH TAMPIN
PENTADBIRAN KERAJAAN NEGERI SEMBILAN,PIHAK BERKUASA TEMPATAN,MAJLIS PERBANDARAN NILAI
PENTADBIRAN KERAJAAN NEGERI SEMBILAN,PIHAK BERKUASA TEMPATAN,MAJLIS PERBANDARAN PORT DICKSON
PENTADBIRAN KERAJAAN NEGERI SEMBILAN,PIHAK BERKUASA TEMPATAN,MAJLIS PERBANDARAN SEREMBAN
PENTADBIRAN KERAJAAN NEGERI TERENGGANU,PERKHIDMATAN AWAM NEGERI,PENTADBIRAN KERAJAAN NEGERI TERENGGANU
PENTADBIRAN KERAJAAN NEGERI TERENGGANU,PERKHIDMATAN AWAM NEGERI,ISTANA
PENTADBIRAN KERAJAAN NEGERI TERENGGANU,PERKHIDMATAN AWAM NEGERI,JABATAN BEKALAN AIR (KAWAL SELIA)
PENTADBIRAN KERAJAAN NEGERI TERENGGANU,PERKHIDMATAN AWAM NEGERI,JABATAN HAL EHWAL AGAMA TERENGGANU
PENTADBIRAN KERAJAAN NEGERI TERENGGANU,PERKHIDMATAN AWAM NEGERI,JABATAN KEHAKIMAN SYARIAH TERENGGANU
PENTADBIRAN KERAJAAN NEGERI TERENGGANU,PERKHIDMATAN AWAM NEGERI,JABATAN KERJA RAYA NEGERI TERENGGANU
PENTADBIRAN KERAJAAN NEGERI TERENGGANU,PERKHIDMATAN AWAM NEGERI,JABATAN MUFTI NEGERI TERENGGANU
PENTADBIRAN KERAJAAN NEGERI TERENGGANU,PERKHIDMATAN AWAM NEGERI,JABATAN PENGAIRAN DAN SALIRAN NEGERI TERENGGANU
PENTADBIRAN KERAJAAN NEGERI TERENGGANU,PERKHIDMATAN AWAM NEGERI,JABATAN PERANCANGAN BANDAR DAN DESA NEGERI TERENGGANU
PENTADBIRAN KERAJAAN NEGERI TERENGGANU,PERKHIDMATAN AWAM NEGERI,JABATAN PERHUTANAN NEGERI TERENGGANU
PENTADBIRAN KERAJAAN NEGERI TERENGGANU,PERKHIDMATAN AWAM NEGERI,JABATAN PERKHIDMATAN VETERINAR NEGERI TERENGGANU
PENTADBIRAN KERAJAAN NEGERI TERENGGANU,PERKHIDMATAN AWAM NEGERI,JABATAN PERTANIAN NEGERI TERENGGANU
PENTADBIRAN KERAJAAN NEGERI TERENGGANU,PERKHIDMATAN AWAM NEGERI,PEJABAT DAERAH KUALA TERENGGANU
PENTADBIRAN KERAJAAN NEGERI TERENGGANU,PERKHIDMATAN AWAM NEGERI,PEJABAT PENGARAH KEBAJIKAN MASYARAKAT NEGERI
PENTADBIRAN KERAJAAN NEGERI TERENGGANU,PERKHIDMATAN AWAM NEGERI,PEJABAT PENGARAH TANAH DAN GALIAN
PENTADBIRAN KERAJAAN NEGERI TERENGGANU,PERKHIDMATAN AWAM NEGERI,PEJABAT PERBENDAHARAAN NEGERI
PENTADBIRAN KERAJAAN NEGERI TERENGGANU,PERKHIDMATAN AWAM NEGERI,SURUHANJAYA PERKHIDMATAN NEGERI TERENGGANU
PENTADBIRAN KERAJAAN NEGERI TERENGGANU,BADAN BERKANUN NEGERI,LEMBAGA MUZIUM NEGERI TERENGGANU
PENTADBIRAN KERAJAAN NEGERI TERENGGANU,BADAN BERKANUN NEGERI,MAJLIS AGAMA ISLAM DAN ADAT MELAYU TERENGGANU
PENTADBIRAN KERAJAAN NEGERI TERENGGANU,BADAN BERKANUN NEGERI,PERBADANAN KEMAJUAN IKTISAD NEGERI TERENGGANU
PENTADBIRAN KERAJAAN NEGERI TERENGGANU,BADAN BERKANUN NEGERI,PERPUSTAKAAN AWAM NEGERI TERENGGANU
PENTADBIRAN KERAJAAN NEGERI TERENGGANU,BADAN BERKANUN NEGERI,YAYASAN ISLAM TERENGGANU
PENTADBIRAN KERAJAAN NEGERI TERENGGANU,BADAN BERKANUN NEGERI,YAYASAN PEMBANGUNAN KELUARGA TERENGGANU
PENTADBIRAN KERAJAAN NEGERI TERENGGANU,BADAN BERKANUN NEGERI,YAYASAN TERENGGANU
PENTADBIRAN KERAJAAN NEGERI TERENGGANU,PIHAK BERKUASA TEMPATAN,MAJLIS BANDARAYA KUALA TERENGGANU
PENTADBIRAN KERAJAAN NEGERI TERENGGANU,PIHAK BERKUASA TEMPATAN,MAJLIS DAERAH BESUT
PENTADBIRAN KERAJAAN NEGERI TERENGGANU,PIHAK BERKUASA TEMPATAN,MAJLIS DAERAH HULU TERENGGANU
PENTADBIRAN KERAJAAN NEGERI TERENGGANU,PIHAK BERKUASA TEMPATAN,MAJLIS DAERAH MARANG
PENTADBIRAN KERAJAAN NEGERI TERENGGANU,PIHAK BERKUASA TEMPATAN,MAJLIS DAERAH SETIU
PENTADBIRAN KERAJAAN NEGERI TERENGGANU,PIHAK BERKUASA TEMPATAN,MAJLIS PERBANDARAN DUNGUN
PENTADBIRAN KERAJAAN NEGERI TERENGGANU,PIHAK BERKUASA TEMPATAN,MAJLIS PERBANDARAN KEMAMAN
